GKWWBAA00014	287
GKWWBAA00014	470
GKWWBAA00014	519
GKWWBAA00014	546
GKWWBAA00014	548
GKWWBAA00014	550
GKWWBAA00014	562
GKWWBAA00014	571
GKWWBAA00014	573
GKWWBAA00014	575
GKWWBAA00014	615
GKWWBAA00014	622
GKWWBAA00014	623
GKWWBAA00014	644
GKWWBAA00014	646
GKWWBAA00014	648
GKWWBAA00014	654
GKWWBAA00014	666
GKWWBAA00014	727
GKWWBAA00014	729
GKWWBAA00014	817
GKWWBAA00014	1313
GKWWBAA00014	1314
GKWWBAA00014	1352
GKWWBAA00014	1496
GKWWBAA00014	1502
GKWWBAA00014	1513
GKWWBAA00014	1717
GKWWBAA00014	1774
GKWWBAA00014	28082
GKWWBAA00014	28450
GKWWBAA00014	28901
GKWWBAA00014	29466
GKWWBAA00014	40324
GKWWBAA00014	43675
GKWWBAA00014	54291
GKWWBAA00014	106654
GKWWBAA00014	244366
GKWWBAA00014	1463165
GKWWBAA00015	287
GKWWBAA00015	485
GKWWBAA00015	546
GKWWBAA00015	562
GKWWBAA00015	573
GKWWBAA00015	615
GKWWBAA00015	644
GKWWBAA00015	646
GKWWBAA00015	648
GKWWBAA00015	654
GKWWBAA00015	666
GKWWBAA00015	726
GKWWBAA00015	729
GKWWBAA00015	1017
GKWWBAA00015	1260
GKWWBAA00015	1313
GKWWBAA00015	1328
GKWWBAA00015	1496
GKWWBAA00015	1502
GKWWBAA00015	2718
GKWWBAA00015	5476
GKWWBAA00015	5763
GKWWBAA00015	13373
GKWWBAA00015	13689
GKWWBAA00015	28132
GKWWBAA00015	28450
GKWWBAA00015	28901
GKWWBAA00015	29466
GKWWBAA00015	43675
GKWWBAA00015	80866
GKWWBAA00015	106654
GKWWBAA00015	199306
GKWWBAA00015	244366
GKWWBAA00015	327575
GKWWBAA00015	1117645
GKWWBAA00015	1463165
GKWWBAA00017	287
GKWWBAA00017	470
GKWWBAA00017	519
GKWWBAA00017	546
GKWWBAA00017	562
GKWWBAA00017	571
GKWWBAA00017	573
GKWWBAA00017	582
GKWWBAA00017	584
GKWWBAA00017	615
GKWWBAA00017	644
GKWWBAA00017	646
GKWWBAA00017	648
GKWWBAA00017	654
GKWWBAA00017	729
GKWWBAA00017	817
GKWWBAA00017	1260
GKWWBAA00017	1261
GKWWBAA00017	1311
GKWWBAA00017	1313
GKWWBAA00017	1338
GKWWBAA00017	1352
GKWWBAA00017	1496
GKWWBAA00017	1502
GKWWBAA00017	1513
GKWWBAA00017	1639
GKWWBAA00017	1717
GKWWBAA00017	1774
GKWWBAA00017	28090
GKWWBAA00017	28131
GKWWBAA00017	28901
GKWWBAA00017	29466
GKWWBAA00017	33033
GKWWBAA00017	39950
GKWWBAA00017	40324
GKWWBAA00017	43675
GKWWBAA00017	48296
GKWWBAA00017	57704
GKWWBAA00017	80866
GKWWBAA00017	106654
GKWWBAA00017	1463165
GKWWBAA00019	210
GKWWBAA00019	287
GKWWBAA00019	470
GKWWBAA00019	519
GKWWBAA00019	546
GKWWBAA00019	548
GKWWBAA00019	562
GKWWBAA00019	571
GKWWBAA00019	573
GKWWBAA00019	582
GKWWBAA00019	584
GKWWBAA00019	615
GKWWBAA00019	622
GKWWBAA00019	623
GKWWBAA00019	644
GKWWBAA00019	646
GKWWBAA00019	648
GKWWBAA00019	654
GKWWBAA00019	666
GKWWBAA00019	727
GKWWBAA00019	729
GKWWBAA00019	747
GKWWBAA00019	817
GKWWBAA00019	1280
GKWWBAA00019	1311
GKWWBAA00019	1313
GKWWBAA00019	1314
GKWWBAA00019	1351
GKWWBAA00019	1352
GKWWBAA00019	1496
GKWWBAA00019	1502
GKWWBAA00019	1513
GKWWBAA00019	1774
GKWWBAA00019	5476
GKWWBAA00019	13373
GKWWBAA00019	28901
GKWWBAA00019	29466
GKWWBAA00019	40324
GKWWBAA00019	43675
GKWWBAA00019	48296
GKWWBAA00019	54291
GKWWBAA00019	85698
GKWWBAA00019	106654
GKWWBAA00019	244366
GKWWBAA00019	1117645
GKWWBAA00019	1463165
GKWWBAA00020	195
GKWWBAA00020	199
GKWWBAA00020	287
GKWWBAA00020	519
GKWWBAA00020	562
GKWWBAA00020	573
GKWWBAA00020	615
GKWWBAA00020	622
GKWWBAA00020	644
GKWWBAA00020	646
GKWWBAA00020	648
GKWWBAA00020	654
GKWWBAA00020	726
GKWWBAA00020	727
GKWWBAA00020	729
GKWWBAA00020	817
GKWWBAA00020	1017
GKWWBAA00020	1019
GKWWBAA00020	1261
GKWWBAA00020	1276
GKWWBAA00020	1311
GKWWBAA00020	1313
GKWWBAA00020	1338
GKWWBAA00020	1352
GKWWBAA00020	1379
GKWWBAA00020	1496
GKWWBAA00020	1502
GKWWBAA00020	2718
GKWWBAA00020	13689
GKWWBAA00020	28132
GKWWBAA00020	28450
GKWWBAA00020	28901
GKWWBAA00020	29391
GKWWBAA00020	29466
GKWWBAA00020	33033
GKWWBAA00020	39950
GKWWBAA00020	40324
GKWWBAA00020	43675
GKWWBAA00020	57704
GKWWBAA00020	1463165
GKWWBAA00021	287
GKWWBAA00021	485
GKWWBAA00021	487
GKWWBAA00021	520
GKWWBAA00021	573
GKWWBAA00021	582
GKWWBAA00021	632
GKWWBAA00021	644
GKWWBAA00021	648
GKWWBAA00021	666
GKWWBAA00021	747
GKWWBAA00021	1276
GKWWBAA00021	1280
GKWWBAA00021	1313
GKWWBAA00021	1314
GKWWBAA00021	1392
GKWWBAA00021	1496
GKWWBAA00021	1502
GKWWBAA00021	1639
GKWWBAA00021	1766
GKWWBAA00021	5476
GKWWBAA00021	13373
GKWWBAA00021	28450
GKWWBAA00021	28901
GKWWBAA00021	29459
GKWWBAA00021	29466
GKWWBAA00021	32002
GKWWBAA00021	35814
GKWWBAA00021	1117645
GKWWBAA00021	1463165
GKWWBAA00022	287
GKWWBAA00022	294
GKWWBAA00022	446
GKWWBAA00022	470
GKWWBAA00022	562
GKWWBAA00022	573
GKWWBAA00022	582
GKWWBAA00022	584
GKWWBAA00022	615
GKWWBAA00022	644
GKWWBAA00022	646
GKWWBAA00022	648
GKWWBAA00022	654
GKWWBAA00022	729
GKWWBAA00022	817
GKWWBAA00022	1276
GKWWBAA00022	1313
GKWWBAA00022	1314
GKWWBAA00022	1352
GKWWBAA00022	1496
GKWWBAA00022	1639
GKWWBAA00022	1766
GKWWBAA00022	1773
GKWWBAA00022	1774
GKWWBAA00022	5476
GKWWBAA00022	13373
GKWWBAA00022	28450
GKWWBAA00022	28901
GKWWBAA00022	32002
GKWWBAA00022	36809
GKWWBAA00022	40324
GKWWBAA00022	48296
GKWWBAA00022	57704
GKWWBAA00022	80866
GKWWBAA00022	83262
GKWWBAA00022	85698
GKWWBAA00022	106654
GKWWBAA00022	199306
GKWWBAA00022	1117645
GKWWBAA00023	195
GKWWBAA00023	287
GKWWBAA00023	446
GKWWBAA00023	470
GKWWBAA00023	519
GKWWBAA00023	545
GKWWBAA00023	546
GKWWBAA00023	548
GKWWBAA00023	562
GKWWBAA00023	571
GKWWBAA00023	573
GKWWBAA00023	582
GKWWBAA00023	615
GKWWBAA00023	644
GKWWBAA00023	646
GKWWBAA00023	648
GKWWBAA00023	654
GKWWBAA00023	666
GKWWBAA00023	729
GKWWBAA00023	817
GKWWBAA00023	1311
GKWWBAA00023	1313
GKWWBAA00023	1352
GKWWBAA00023	1392
GKWWBAA00023	1491
GKWWBAA00023	1496
GKWWBAA00023	1502
GKWWBAA00023	1513
GKWWBAA00023	1639
GKWWBAA00023	1774
GKWWBAA00023	13373
GKWWBAA00023	28901
GKWWBAA00023	29466
GKWWBAA00023	33033
GKWWBAA00023	36809
GKWWBAA00023	40324
GKWWBAA00023	43675
GKWWBAA00023	48296
GKWWBAA00023	57704
GKWWBAA00023	80866
GKWWBAA00023	83262
GKWWBAA00023	84109
GKWWBAA00023	106654
GKWWBAA00023	249188
GKWWBAA00023	1117645
GKWWBAA00023	1463165
GKWWBAA00029	210
GKWWBAA00029	287
GKWWBAA00029	470
GKWWBAA00029	519
GKWWBAA00029	546
GKWWBAA00029	562
GKWWBAA00029	573
GKWWBAA00029	582
GKWWBAA00029	584
GKWWBAA00029	615
GKWWBAA00029	644
GKWWBAA00029	646
GKWWBAA00029	648
GKWWBAA00029	654
GKWWBAA00029	666
GKWWBAA00029	729
GKWWBAA00029	817
GKWWBAA00029	1311
GKWWBAA00029	1313
GKWWBAA00029	1352
GKWWBAA00029	1491
GKWWBAA00029	1496
GKWWBAA00029	1502
GKWWBAA00029	1513
GKWWBAA00029	1639
GKWWBAA00029	13373
GKWWBAA00029	28090
GKWWBAA00029	28450
GKWWBAA00029	28901
GKWWBAA00029	29466
GKWWBAA00029	39950
GKWWBAA00029	40324
GKWWBAA00029	43675
GKWWBAA00029	48296
GKWWBAA00029	80866
GKWWBAA00029	106654
GKWWBAA00029	244366
GKWWBAA00029	1463165
GKWWBAA00030	287
GKWWBAA00030	470
GKWWBAA00030	519
GKWWBAA00030	546
GKWWBAA00030	550
GKWWBAA00030	562
GKWWBAA00030	573
GKWWBAA00030	582
GKWWBAA00030	584
GKWWBAA00030	615
GKWWBAA00030	644
GKWWBAA00030	646
GKWWBAA00030	648
GKWWBAA00030	654
GKWWBAA00030	729
GKWWBAA00030	817
GKWWBAA00030	1311
GKWWBAA00030	1352
GKWWBAA00030	1496
GKWWBAA00030	1502
GKWWBAA00030	28132
GKWWBAA00030	28901
GKWWBAA00030	29466
GKWWBAA00030	40324
GKWWBAA00030	43675
GKWWBAA00030	48296
GKWWBAA00030	106654
GKWWBAA00030	1117645
GKWWBAA00030	1463165
GKWWBAA00031	238
GKWWBAA00031	287
GKWWBAA00031	446
GKWWBAA00031	470
GKWWBAA00031	546
GKWWBAA00031	548
GKWWBAA00031	550
GKWWBAA00031	562
GKWWBAA00031	573
GKWWBAA00031	582
GKWWBAA00031	615
GKWWBAA00031	644
GKWWBAA00031	648
GKWWBAA00031	654
GKWWBAA00031	666
GKWWBAA00031	727
GKWWBAA00031	729
GKWWBAA00031	817
GKWWBAA00031	1276
GKWWBAA00031	1352
GKWWBAA00031	1496
GKWWBAA00031	1502
GKWWBAA00031	1639
GKWWBAA00031	13373
GKWWBAA00031	28090
GKWWBAA00031	28450
GKWWBAA00031	28901
GKWWBAA00031	29466
GKWWBAA00031	40324
GKWWBAA00031	43675
GKWWBAA00031	48296
GKWWBAA00031	54291
GKWWBAA00031	80866
GKWWBAA00031	106654
GKWWBAA00031	244366
GKWWBAA00031	1117645
GKWWBAA00031	1463165
GKWWBAA00032	287
GKWWBAA00032	470
GKWWBAA00032	485
GKWWBAA00032	519
GKWWBAA00032	562
GKWWBAA00032	573
GKWWBAA00032	582
GKWWBAA00032	615
GKWWBAA00032	621
GKWWBAA00032	622
GKWWBAA00032	623
GKWWBAA00032	632
GKWWBAA00032	644
GKWWBAA00032	648
GKWWBAA00032	654
GKWWBAA00032	666
GKWWBAA00032	747
GKWWBAA00032	1280
GKWWBAA00032	1502
GKWWBAA00032	1513
GKWWBAA00032	1639
GKWWBAA00032	1717
GKWWBAA00032	5476
GKWWBAA00032	13373
GKWWBAA00032	28090
GKWWBAA00032	28450
GKWWBAA00032	28901
GKWWBAA00032	40324
GKWWBAA00032	80866
GKWWBAA00032	83655
GKWWBAA00032	106654
GKWWBAA00032	199306
GKWWBAA00032	244366
GKWWBAA00032	1117645
GKWWBAA00033	199
GKWWBAA00033	238
GKWWBAA00033	287
GKWWBAA00033	470
GKWWBAA00033	546
GKWWBAA00033	548
GKWWBAA00033	562
GKWWBAA00033	571
GKWWBAA00033	573
GKWWBAA00033	575
GKWWBAA00033	582
GKWWBAA00033	584
GKWWBAA00033	615
GKWWBAA00033	644
GKWWBAA00033	646
GKWWBAA00033	648
GKWWBAA00033	654
GKWWBAA00033	666
GKWWBAA00033	727
GKWWBAA00033	729
GKWWBAA00033	747
GKWWBAA00033	817
GKWWBAA00033	1260
GKWWBAA00033	1311
GKWWBAA00033	1313
GKWWBAA00033	1352
GKWWBAA00033	1491
GKWWBAA00033	1496
GKWWBAA00033	1502
GKWWBAA00033	1513
GKWWBAA00033	1639
GKWWBAA00033	1774
GKWWBAA00033	2718
GKWWBAA00033	28450
GKWWBAA00033	28901
GKWWBAA00033	29391
GKWWBAA00033	29466
GKWWBAA00033	40324
GKWWBAA00033	43675
GKWWBAA00033	54291
GKWWBAA00033	80866
GKWWBAA00033	85698
GKWWBAA00033	106654
GKWWBAA00033	244366
GKWWBAA00033	1117645
GKWWBAA00033	1463165
GKWWBAA00035	287
GKWWBAA00035	446
GKWWBAA00035	518
GKWWBAA00035	546
GKWWBAA00035	548
GKWWBAA00035	550
GKWWBAA00035	562
GKWWBAA00035	571
GKWWBAA00035	573
GKWWBAA00035	582
GKWWBAA00035	615
GKWWBAA00035	622
GKWWBAA00035	623
GKWWBAA00035	624
GKWWBAA00035	644
GKWWBAA00035	646
GKWWBAA00035	648
GKWWBAA00035	654
GKWWBAA00035	666
GKWWBAA00035	729
GKWWBAA00035	747
GKWWBAA00035	817
GKWWBAA00035	1260
GKWWBAA00035	1311
GKWWBAA00035	1313
GKWWBAA00035	1328
GKWWBAA00035	1338
GKWWBAA00035	1352
GKWWBAA00035	1496
GKWWBAA00035	1502
GKWWBAA00035	1639
GKWWBAA00035	1766
GKWWBAA00035	1774
GKWWBAA00035	13373
GKWWBAA00035	28450
GKWWBAA00035	28901
GKWWBAA00035	29466
GKWWBAA00035	40324
GKWWBAA00035	43675
GKWWBAA00035	43770
GKWWBAA00035	80866
GKWWBAA00035	244366
GKWWBAA00035	1463165
GKWWBAA00036	197
GKWWBAA00036	210
GKWWBAA00036	287
GKWWBAA00036	520
GKWWBAA00036	622
GKWWBAA00036	623
GKWWBAA00036	644
GKWWBAA00036	648
GKWWBAA00036	654
GKWWBAA00036	666
GKWWBAA00036	727
GKWWBAA00036	747
GKWWBAA00036	817
GKWWBAA00036	1260
GKWWBAA00036	1314
GKWWBAA00036	1352
GKWWBAA00036	1496
GKWWBAA00036	1502
GKWWBAA00036	1639
GKWWBAA00036	1773
GKWWBAA00036	1774
GKWWBAA00036	13373
GKWWBAA00036	28450
GKWWBAA00036	28901
GKWWBAA00036	43675
GKWWBAA00038	287
GKWWBAA00038	446
GKWWBAA00038	470
GKWWBAA00038	519
GKWWBAA00038	546
GKWWBAA00038	562
GKWWBAA00038	573
GKWWBAA00038	582
GKWWBAA00038	615
GKWWBAA00038	623
GKWWBAA00038	644
GKWWBAA00038	648
GKWWBAA00038	654
GKWWBAA00038	666
GKWWBAA00038	727
GKWWBAA00038	729
GKWWBAA00038	817
GKWWBAA00038	1260
GKWWBAA00038	1311
GKWWBAA00038	1313
GKWWBAA00038	1314
GKWWBAA00038	1328
GKWWBAA00038	1338
GKWWBAA00038	1351
GKWWBAA00038	1352
GKWWBAA00038	1496
GKWWBAA00038	1502
GKWWBAA00038	1513
GKWWBAA00038	1774
GKWWBAA00038	5476
GKWWBAA00038	28037
GKWWBAA00038	28090
GKWWBAA00038	28450
GKWWBAA00038	28901
GKWWBAA00038	29391
GKWWBAA00038	29466
GKWWBAA00038	33033
GKWWBAA00038	40324
GKWWBAA00038	43675
GKWWBAA00038	48296
GKWWBAA00038	54291
GKWWBAA00038	80866
GKWWBAA00038	84109
GKWWBAA00038	106654
GKWWBAA00038	244366
GKWWBAA00038	1117645
GKWWBAA00038	1463165
GKWWBAA00039	24
GKWWBAA00039	197
GKWWBAA00039	287
GKWWBAA00039	470
GKWWBAA00039	546
GKWWBAA00039	562
GKWWBAA00039	571
GKWWBAA00039	573
GKWWBAA00039	582
GKWWBAA00039	615
GKWWBAA00039	622
GKWWBAA00039	623
GKWWBAA00039	644
GKWWBAA00039	648
GKWWBAA00039	654
GKWWBAA00039	666
GKWWBAA00039	729
GKWWBAA00039	817
GKWWBAA00039	1261
GKWWBAA00039	1311
GKWWBAA00039	1313
GKWWBAA00039	1352
GKWWBAA00039	1496
GKWWBAA00039	1502
GKWWBAA00039	1513
GKWWBAA00039	1639
GKWWBAA00039	28037
GKWWBAA00039	28090
GKWWBAA00039	28132
GKWWBAA00039	28450
GKWWBAA00039	28901
GKWWBAA00039	29466
GKWWBAA00039	39950
GKWWBAA00039	40324
GKWWBAA00039	43675
GKWWBAA00039	48296
GKWWBAA00039	80866
GKWWBAA00039	106654
GKWWBAA00039	244366
GKWWBAA00039	249188
GKWWBAA00039	1117645
GKWWBAA00040	197
GKWWBAA00040	210
GKWWBAA00040	287
GKWWBAA00040	470
GKWWBAA00040	546
GKWWBAA00040	562
GKWWBAA00040	573
GKWWBAA00040	582
GKWWBAA00040	615
GKWWBAA00040	644
GKWWBAA00040	648
GKWWBAA00040	654
GKWWBAA00040	666
GKWWBAA00040	729
GKWWBAA00040	747
GKWWBAA00040	817
GKWWBAA00040	1351
GKWWBAA00040	1352
GKWWBAA00040	1496
GKWWBAA00040	1502
GKWWBAA00040	1639
GKWWBAA00040	13373
GKWWBAA00040	28450
GKWWBAA00040	28901
GKWWBAA00040	32002
GKWWBAA00040	40324
GKWWBAA00040	43675
GKWWBAA00040	54291
GKWWBAA00040	244366
GKWWBAA00040	1463165
GKWWBAA00041	287
GKWWBAA00041	294
GKWWBAA00041	470
GKWWBAA00041	485
GKWWBAA00041	518
GKWWBAA00041	519
GKWWBAA00041	546
GKWWBAA00041	550
GKWWBAA00041	562
GKWWBAA00041	571
GKWWBAA00041	573
GKWWBAA00041	582
GKWWBAA00041	615
GKWWBAA00041	644
GKWWBAA00041	646
GKWWBAA00041	648
GKWWBAA00041	654
GKWWBAA00041	727
GKWWBAA00041	729
GKWWBAA00041	747
GKWWBAA00041	817
GKWWBAA00041	1260
GKWWBAA00041	1261
GKWWBAA00041	1313
GKWWBAA00041	1328
GKWWBAA00041	1338
GKWWBAA00041	1352
GKWWBAA00041	1379
GKWWBAA00041	1496
GKWWBAA00041	1502
GKWWBAA00041	1513
GKWWBAA00041	13689
GKWWBAA00041	28090
GKWWBAA00041	28131
GKWWBAA00041	28132
GKWWBAA00041	28450
GKWWBAA00041	28901
GKWWBAA00041	29466
GKWWBAA00041	40324
GKWWBAA00041	43675
GKWWBAA00041	48296
GKWWBAA00041	80866
GKWWBAA00041	85698
GKWWBAA00041	106654
GKWWBAA00041	1117645
GKWWBAA00041	1463165
GKWWBAA00042	287
GKWWBAA00042	519
GKWWBAA00042	546
GKWWBAA00042	562
GKWWBAA00042	571
GKWWBAA00042	573
GKWWBAA00042	582
GKWWBAA00042	615
GKWWBAA00042	623
GKWWBAA00042	632
GKWWBAA00042	644
GKWWBAA00042	646
GKWWBAA00042	648
GKWWBAA00042	654
GKWWBAA00042	666
GKWWBAA00042	727
GKWWBAA00042	729
GKWWBAA00042	817
GKWWBAA00042	1496
GKWWBAA00042	1502
GKWWBAA00042	5763
GKWWBAA00042	13373
GKWWBAA00042	13689
GKWWBAA00042	28450
GKWWBAA00042	28901
GKWWBAA00042	40324
GKWWBAA00042	80866
GKWWBAA00042	106654
GKWWBAA00042	1117645
GKWWBAA00043	195
GKWWBAA00043	287
GKWWBAA00043	446
GKWWBAA00043	519
GKWWBAA00043	546
GKWWBAA00043	548
GKWWBAA00043	550
GKWWBAA00043	562
GKWWBAA00043	571
GKWWBAA00043	573
GKWWBAA00043	582
GKWWBAA00043	584
GKWWBAA00043	615
GKWWBAA00043	622
GKWWBAA00043	623
GKWWBAA00043	644
GKWWBAA00043	648
GKWWBAA00043	654
GKWWBAA00043	666
GKWWBAA00043	727
GKWWBAA00043	729
GKWWBAA00043	747
GKWWBAA00043	817
GKWWBAA00043	1280
GKWWBAA00043	1313
GKWWBAA00043	1352
GKWWBAA00043	1496
GKWWBAA00043	1639
GKWWBAA00043	5476
GKWWBAA00043	13373
GKWWBAA00043	28450
GKWWBAA00043	28901
GKWWBAA00043	40324
GKWWBAA00043	43675
GKWWBAA00043	54291
GKWWBAA00043	244366
GKWWBAA00043	1117645
GKWWBAA00043	1463165
GKWWBAA00044	160
GKWWBAA00044	197
GKWWBAA00044	287
GKWWBAA00044	446
GKWWBAA00044	485
GKWWBAA00044	487
GKWWBAA00044	519
GKWWBAA00044	520
GKWWBAA00044	562
GKWWBAA00044	573
GKWWBAA00044	584
GKWWBAA00044	644
GKWWBAA00044	648
GKWWBAA00044	654
GKWWBAA00044	666
GKWWBAA00044	727
GKWWBAA00044	813
GKWWBAA00044	817
GKWWBAA00044	1313
GKWWBAA00044	1314
GKWWBAA00044	1392
GKWWBAA00044	1496
GKWWBAA00044	1502
GKWWBAA00044	1766
GKWWBAA00044	1774
GKWWBAA00044	5763
GKWWBAA00044	13373
GKWWBAA00044	28450
GKWWBAA00044	28901
GKWWBAA00044	29459
GKWWBAA00044	35814
GKWWBAA00044	40324
GKWWBAA00044	106654
GKWWBAA00045	287
GKWWBAA00045	485
GKWWBAA00045	519
GKWWBAA00045	520
GKWWBAA00045	573
GKWWBAA00045	615
GKWWBAA00045	644
GKWWBAA00045	646
GKWWBAA00045	648
GKWWBAA00045	654
GKWWBAA00045	747
GKWWBAA00045	817
GKWWBAA00045	1313
GKWWBAA00045	1496
GKWWBAA00045	1502
GKWWBAA00045	1717
GKWWBAA00045	5763
GKWWBAA00045	13373
GKWWBAA00045	28450
GKWWBAA00045	28901
GKWWBAA00045	106654
GKWWBAA00045	1463165
GKWWBAA00046	195
GKWWBAA00046	287
GKWWBAA00046	451
GKWWBAA00046	470
GKWWBAA00046	487
GKWWBAA00046	519
GKWWBAA00046	546
GKWWBAA00046	562
GKWWBAA00046	573
GKWWBAA00046	582
GKWWBAA00046	584
GKWWBAA00046	615
GKWWBAA00046	644
GKWWBAA00046	648
GKWWBAA00046	654
GKWWBAA00046	666
GKWWBAA00046	729
GKWWBAA00046	747
GKWWBAA00046	817
GKWWBAA00046	1311
GKWWBAA00046	1313
GKWWBAA00046	1338
GKWWBAA00046	1352
GKWWBAA00046	1496
GKWWBAA00046	1502
GKWWBAA00046	1513
GKWWBAA00046	1639
GKWWBAA00046	1655
GKWWBAA00046	13373
GKWWBAA00046	28090
GKWWBAA00046	28132
GKWWBAA00046	28450
GKWWBAA00046	28901
GKWWBAA00046	29466
GKWWBAA00046	40324
GKWWBAA00046	43675
GKWWBAA00046	48296
GKWWBAA00046	80866
GKWWBAA00046	106654
GKWWBAA00046	1117645
GKWWBAA00047	287
GKWWBAA00047	470
GKWWBAA00047	519
GKWWBAA00047	546
GKWWBAA00047	562
GKWWBAA00047	573
GKWWBAA00047	615
GKWWBAA00047	622
GKWWBAA00047	624
GKWWBAA00047	644
GKWWBAA00047	646
GKWWBAA00047	648
GKWWBAA00047	654
GKWWBAA00047	666
GKWWBAA00047	729
GKWWBAA00047	817
GKWWBAA00047	1313
GKWWBAA00047	1352
GKWWBAA00047	1496
GKWWBAA00047	1513
GKWWBAA00047	1639
GKWWBAA00047	1774
GKWWBAA00047	28090
GKWWBAA00047	28450
GKWWBAA00047	28901
GKWWBAA00047	29466
GKWWBAA00047	32002
GKWWBAA00047	36809
GKWWBAA00047	40324
GKWWBAA00047	43675
GKWWBAA00047	54291
GKWWBAA00047	80866
GKWWBAA00047	106654
GKWWBAA00047	1463165
GKWWBAA00048	287
GKWWBAA00048	485
GKWWBAA00048	520
GKWWBAA00048	546
GKWWBAA00048	548
GKWWBAA00048	550
GKWWBAA00048	562
GKWWBAA00048	573
GKWWBAA00048	582
GKWWBAA00048	624
GKWWBAA00048	644
GKWWBAA00048	648
GKWWBAA00048	654
GKWWBAA00048	666
GKWWBAA00048	729
GKWWBAA00048	817
GKWWBAA00048	1276
GKWWBAA00048	1280
GKWWBAA00048	1313
GKWWBAA00048	1352
GKWWBAA00048	1392
GKWWBAA00048	1496
GKWWBAA00048	1502
GKWWBAA00048	1639
GKWWBAA00048	5476
GKWWBAA00048	5763
GKWWBAA00048	13373
GKWWBAA00048	28132
GKWWBAA00048	28450
GKWWBAA00048	28901
GKWWBAA00048	29466
GKWWBAA00048	40324
GKWWBAA00048	43675
GKWWBAA00048	54291
GKWWBAA00048	244366
GKWWBAA00048	1117645
GKWWBAA00048	1463165
GKWWBAA00049	287
GKWWBAA00049	470
GKWWBAA00049	519
GKWWBAA00049	546
GKWWBAA00049	550
GKWWBAA00049	562
GKWWBAA00049	571
GKWWBAA00049	573
GKWWBAA00049	582
GKWWBAA00049	584
GKWWBAA00049	615
GKWWBAA00049	622
GKWWBAA00049	644
GKWWBAA00049	646
GKWWBAA00049	648
GKWWBAA00049	654
GKWWBAA00049	666
GKWWBAA00049	729
GKWWBAA00049	817
GKWWBAA00049	1017
GKWWBAA00049	1260
GKWWBAA00049	1311
GKWWBAA00049	1313
GKWWBAA00049	1338
GKWWBAA00049	1352
GKWWBAA00049	1496
GKWWBAA00049	1502
GKWWBAA00049	1717
GKWWBAA00049	1774
GKWWBAA00049	5476
GKWWBAA00049	13373
GKWWBAA00049	28132
GKWWBAA00049	28450
GKWWBAA00049	28901
GKWWBAA00049	29466
GKWWBAA00049	39950
GKWWBAA00049	40324
GKWWBAA00049	43675
GKWWBAA00049	48296
GKWWBAA00049	80866
GKWWBAA00049	85698
GKWWBAA00049	106654
GKWWBAA00049	1117645
GKWWBAA00049	1463165
GKWWBAA00050	197
GKWWBAA00050	287
GKWWBAA00050	520
GKWWBAA00050	546
GKWWBAA00050	548
GKWWBAA00050	550
GKWWBAA00050	562
GKWWBAA00050	573
GKWWBAA00050	582
GKWWBAA00050	584
GKWWBAA00050	623
GKWWBAA00050	632
GKWWBAA00050	644
GKWWBAA00050	648
GKWWBAA00050	654
GKWWBAA00050	666
GKWWBAA00050	747
GKWWBAA00050	1280
GKWWBAA00050	1352
GKWWBAA00050	1496
GKWWBAA00050	1502
GKWWBAA00050	1639
GKWWBAA00050	5763
GKWWBAA00050	13373
GKWWBAA00050	28450
GKWWBAA00050	28901
GKWWBAA00050	1463165
GKWWBAA00051	287
GKWWBAA00051	446
GKWWBAA00051	470
GKWWBAA00051	520
GKWWBAA00051	546
GKWWBAA00051	562
GKWWBAA00051	573
GKWWBAA00051	615
GKWWBAA00051	644
GKWWBAA00051	648
GKWWBAA00051	654
GKWWBAA00051	666
GKWWBAA00051	747
GKWWBAA00051	813
GKWWBAA00051	817
GKWWBAA00051	1260
GKWWBAA00051	1280
GKWWBAA00051	1352
GKWWBAA00051	1496
GKWWBAA00051	1502
GKWWBAA00051	1513
GKWWBAA00051	1639
GKWWBAA00051	1774
GKWWBAA00051	5476
GKWWBAA00051	13373
GKWWBAA00051	28450
GKWWBAA00051	28901
GKWWBAA00051	29391
GKWWBAA00051	29466
GKWWBAA00051	32002
GKWWBAA00051	40324
GKWWBAA00051	80866
GKWWBAA00051	85698
GKWWBAA00051	106654
GKWWBAA00051	1463165
GKWWBAA00052	287
GKWWBAA00052	485
GKWWBAA00052	519
GKWWBAA00052	520
GKWWBAA00052	546
GKWWBAA00052	562
GKWWBAA00052	571
GKWWBAA00052	573
GKWWBAA00052	582
GKWWBAA00052	615
GKWWBAA00052	621
GKWWBAA00052	623
GKWWBAA00052	644
GKWWBAA00052	646
GKWWBAA00052	648
GKWWBAA00052	654
GKWWBAA00052	666
GKWWBAA00052	727
GKWWBAA00052	729
GKWWBAA00052	817
GKWWBAA00052	1496
GKWWBAA00052	1502
GKWWBAA00052	1639
GKWWBAA00052	5763
GKWWBAA00052	13373
GKWWBAA00052	28450
GKWWBAA00052	28901
GKWWBAA00052	40324
GKWWBAA00052	80866
GKWWBAA00052	106654
GKWWBAA00052	1117645
GKWWBAA00053	287
GKWWBAA00053	485
GKWWBAA00053	520
GKWWBAA00053	573
GKWWBAA00053	615
GKWWBAA00053	621
GKWWBAA00053	622
GKWWBAA00053	623
GKWWBAA00053	644
GKWWBAA00053	648
GKWWBAA00053	654
GKWWBAA00053	666
GKWWBAA00053	729
GKWWBAA00053	747
GKWWBAA00053	817
GKWWBAA00053	1280
GKWWBAA00053	1311
GKWWBAA00053	1392
GKWWBAA00053	1496
GKWWBAA00053	1502
GKWWBAA00053	1639
GKWWBAA00053	5763
GKWWBAA00053	13373
GKWWBAA00053	13689
GKWWBAA00053	28132
GKWWBAA00053	28450
GKWWBAA00053	28901
GKWWBAA00053	43675
GKWWBAA00053	80866
GKWWBAA00053	106654
GKWWBAA00053	1117645
GKWWBAA00053	1463165
GKWWBAA00054	195
GKWWBAA00054	287
GKWWBAA00054	470
GKWWBAA00054	519
GKWWBAA00054	546
GKWWBAA00054	562
GKWWBAA00054	573
GKWWBAA00054	584
GKWWBAA00054	623
GKWWBAA00054	644
GKWWBAA00054	646
GKWWBAA00054	648
GKWWBAA00054	654
GKWWBAA00054	666
GKWWBAA00054	729
GKWWBAA00054	817
GKWWBAA00054	1260
GKWWBAA00054	1280
GKWWBAA00054	1311
GKWWBAA00054	1313
GKWWBAA00054	1314
GKWWBAA00054	1338
GKWWBAA00054	1352
GKWWBAA00054	1496
GKWWBAA00054	1502
GKWWBAA00054	1639
GKWWBAA00054	1766
GKWWBAA00054	1774
GKWWBAA00054	5476
GKWWBAA00054	13373
GKWWBAA00054	13689
GKWWBAA00054	28132
GKWWBAA00054	28450
GKWWBAA00054	28901
GKWWBAA00054	29466
GKWWBAA00054	32002
GKWWBAA00054	40324
GKWWBAA00054	43675
GKWWBAA00054	57704
GKWWBAA00054	80866
GKWWBAA00054	85698
GKWWBAA00054	106654
GKWWBAA00054	134821
GKWWBAA00054	1117645
GKWWBAA00054	1463165
GKWWBAA00055	197
GKWWBAA00055	210
GKWWBAA00055	287
GKWWBAA00055	470
GKWWBAA00055	519
GKWWBAA00055	546
GKWWBAA00055	573
GKWWBAA00055	584
GKWWBAA00055	644
GKWWBAA00055	646
GKWWBAA00055	648
GKWWBAA00055	654
GKWWBAA00055	666
GKWWBAA00055	729
GKWWBAA00055	817
GKWWBAA00055	1313
GKWWBAA00055	1352
GKWWBAA00055	1392
GKWWBAA00055	1496
GKWWBAA00055	1502
GKWWBAA00055	1639
GKWWBAA00055	13373
GKWWBAA00055	28090
GKWWBAA00055	28450
GKWWBAA00055	28901
GKWWBAA00055	29466
GKWWBAA00055	32002
GKWWBAA00055	40324
GKWWBAA00055	80866
GKWWBAA00056	210
GKWWBAA00056	287
GKWWBAA00056	329
GKWWBAA00056	485
GKWWBAA00056	519
GKWWBAA00056	520
GKWWBAA00056	562
GKWWBAA00056	644
GKWWBAA00056	646
GKWWBAA00056	648
GKWWBAA00056	654
GKWWBAA00056	666
GKWWBAA00056	729
GKWWBAA00056	747
GKWWBAA00056	817
GKWWBAA00056	1280
GKWWBAA00056	1392
GKWWBAA00056	1496
GKWWBAA00056	1502
GKWWBAA00056	1639
GKWWBAA00056	5763
GKWWBAA00056	13373
GKWWBAA00056	28450
GKWWBAA00056	28901
GKWWBAA00056	106654
GKWWBAA00057	287
GKWWBAA00057	470
GKWWBAA00057	519
GKWWBAA00057	546
GKWWBAA00057	562
GKWWBAA00057	573
GKWWBAA00057	582
GKWWBAA00057	584
GKWWBAA00057	615
GKWWBAA00057	644
GKWWBAA00057	646
GKWWBAA00057	648
GKWWBAA00057	654
GKWWBAA00057	666
GKWWBAA00057	727
GKWWBAA00057	729
GKWWBAA00057	747
GKWWBAA00057	817
GKWWBAA00057	1311
GKWWBAA00057	1313
GKWWBAA00057	1352
GKWWBAA00057	1496
GKWWBAA00057	1502
GKWWBAA00057	1513
GKWWBAA00057	1639
GKWWBAA00057	1736
GKWWBAA00057	13373
GKWWBAA00057	13689
GKWWBAA00057	28037
GKWWBAA00057	28090
GKWWBAA00057	28132
GKWWBAA00057	28450
GKWWBAA00057	28901
GKWWBAA00057	29466
GKWWBAA00057	40324
GKWWBAA00057	43675
GKWWBAA00057	48296
GKWWBAA00057	80866
GKWWBAA00057	106654
GKWWBAA00057	1117645
GKWWBAA00057	1463165
GKWWBAA00058	197
GKWWBAA00058	199
GKWWBAA00058	210
GKWWBAA00058	287
GKWWBAA00058	548
GKWWBAA00058	550
GKWWBAA00058	573
GKWWBAA00058	582
GKWWBAA00058	623
GKWWBAA00058	644
GKWWBAA00058	648
GKWWBAA00058	654
GKWWBAA00058	666
GKWWBAA00058	729
GKWWBAA00058	817
GKWWBAA00058	1280
GKWWBAA00058	1313
GKWWBAA00058	1392
GKWWBAA00058	1496
GKWWBAA00058	1502
GKWWBAA00058	1639
GKWWBAA00058	1659
GKWWBAA00058	5763
GKWWBAA00058	13373
GKWWBAA00058	28450
GKWWBAA00058	28901
GKWWBAA00058	29466
GKWWBAA00058	35814
GKWWBAA00058	1117645
GKWWBAA00058	1463165
GKWWBAA00059	287
GKWWBAA00059	294
GKWWBAA00059	446
GKWWBAA00059	470
GKWWBAA00059	518
GKWWBAA00059	519
GKWWBAA00059	520
GKWWBAA00059	546
GKWWBAA00059	562
GKWWBAA00059	571
GKWWBAA00059	573
GKWWBAA00059	582
GKWWBAA00059	584
GKWWBAA00059	615
GKWWBAA00059	644
GKWWBAA00059	646
GKWWBAA00059	648
GKWWBAA00059	654
GKWWBAA00059	666
GKWWBAA00059	729
GKWWBAA00059	747
GKWWBAA00059	817
GKWWBAA00059	1260
GKWWBAA00059	1261
GKWWBAA00059	1311
GKWWBAA00059	1313
GKWWBAA00059	1338
GKWWBAA00059	1352
GKWWBAA00059	1496
GKWWBAA00059	1502
GKWWBAA00059	1513
GKWWBAA00059	1639
GKWWBAA00059	5476
GKWWBAA00059	13689
GKWWBAA00059	28131
GKWWBAA00059	28132
GKWWBAA00059	28450
GKWWBAA00059	28901
GKWWBAA00059	29391
GKWWBAA00059	29466
GKWWBAA00059	39950
GKWWBAA00059	40324
GKWWBAA00059	43675
GKWWBAA00059	48296
GKWWBAA00059	57704
GKWWBAA00059	80866
GKWWBAA00059	84109
GKWWBAA00059	85698
GKWWBAA00059	106654
GKWWBAA00059	1117645
GKWWBAA00059	1463165
GKWWBAA00060	197
GKWWBAA00060	287
GKWWBAA00060	470
GKWWBAA00060	519
GKWWBAA00060	520
GKWWBAA00060	562
GKWWBAA00060	571
GKWWBAA00060	622
GKWWBAA00060	644
GKWWBAA00060	648
GKWWBAA00060	654
GKWWBAA00060	666
GKWWBAA00060	727
GKWWBAA00060	729
GKWWBAA00060	747
GKWWBAA00060	817
GKWWBAA00060	1311
GKWWBAA00060	1314
GKWWBAA00060	1352
GKWWBAA00060	1496
GKWWBAA00060	1502
GKWWBAA00060	1513
GKWWBAA00060	1639
GKWWBAA00060	13373
GKWWBAA00060	28450
GKWWBAA00060	28901
GKWWBAA00060	29466
GKWWBAA00060	40324
GKWWBAA00060	43675
GKWWBAA00060	80866
GKWWBAA00061	197
GKWWBAA00061	287
GKWWBAA00061	470
GKWWBAA00061	548
GKWWBAA00061	550
GKWWBAA00061	562
GKWWBAA00061	573
GKWWBAA00061	582
GKWWBAA00061	644
GKWWBAA00061	648
GKWWBAA00061	654
GKWWBAA00061	666
GKWWBAA00061	747
GKWWBAA00061	817
GKWWBAA00061	1496
GKWWBAA00061	1502
GKWWBAA00061	1773
GKWWBAA00061	5476
GKWWBAA00061	5763
GKWWBAA00061	13373
GKWWBAA00061	28450
GKWWBAA00061	28901
GKWWBAA00061	1117645
GKWWBAA00061	1463165
GKWWBAA00062	287
GKWWBAA00062	485
GKWWBAA00062	520
GKWWBAA00062	546
GKWWBAA00062	562
GKWWBAA00062	571
GKWWBAA00062	573
GKWWBAA00062	582
GKWWBAA00062	615
GKWWBAA00062	621
GKWWBAA00062	622
GKWWBAA00062	623
GKWWBAA00062	632
GKWWBAA00062	644
GKWWBAA00062	646
GKWWBAA00062	648
GKWWBAA00062	654
GKWWBAA00062	666
GKWWBAA00062	729
GKWWBAA00062	747
GKWWBAA00062	817
GKWWBAA00062	1260
GKWWBAA00062	1261
GKWWBAA00062	1280
GKWWBAA00062	1313
GKWWBAA00062	1314
GKWWBAA00062	1351
GKWWBAA00062	1379
GKWWBAA00062	1496
GKWWBAA00062	1502
GKWWBAA00062	1639
GKWWBAA00062	13373
GKWWBAA00062	28132
GKWWBAA00062	28450
GKWWBAA00062	28901
GKWWBAA00062	29466
GKWWBAA00062	43675
GKWWBAA00062	54291
GKWWBAA00062	106654
GKWWBAA00063	197
GKWWBAA00063	210
GKWWBAA00063	287
GKWWBAA00063	470
GKWWBAA00063	519
GKWWBAA00063	546
GKWWBAA00063	562
GKWWBAA00063	573
GKWWBAA00063	584
GKWWBAA00063	615
GKWWBAA00063	644
GKWWBAA00063	646
GKWWBAA00063	648
GKWWBAA00063	654
GKWWBAA00063	729
GKWWBAA00063	817
GKWWBAA00063	1311
GKWWBAA00063	1313
GKWWBAA00063	1352
GKWWBAA00063	1496
GKWWBAA00063	1502
GKWWBAA00063	1639
GKWWBAA00063	1774
GKWWBAA00063	13373
GKWWBAA00063	28090
GKWWBAA00063	28450
GKWWBAA00063	28901
GKWWBAA00063	32002
GKWWBAA00063	36809
GKWWBAA00063	40324
GKWWBAA00063	80866
GKWWBAA00064	287
GKWWBAA00064	446
GKWWBAA00064	485
GKWWBAA00064	519
GKWWBAA00064	520
GKWWBAA00064	562
GKWWBAA00064	571
GKWWBAA00064	573
GKWWBAA00064	615
GKWWBAA00064	621
GKWWBAA00064	623
GKWWBAA00064	644
GKWWBAA00064	646
GKWWBAA00064	648
GKWWBAA00064	654
GKWWBAA00064	666
GKWWBAA00064	729
GKWWBAA00064	817
GKWWBAA00064	1017
GKWWBAA00064	1260
GKWWBAA00064	1496
GKWWBAA00064	1502
GKWWBAA00064	5763
GKWWBAA00064	13373
GKWWBAA00064	13689
GKWWBAA00064	28132
GKWWBAA00064	28450
GKWWBAA00064	28901
GKWWBAA00064	29466
GKWWBAA00064	35814
GKWWBAA00064	40324
GKWWBAA00064	43675
GKWWBAA00064	54291
GKWWBAA00064	106654
GKWWBAA00064	1463165
GKWWBAA00065	197
GKWWBAA00065	287
GKWWBAA00065	470
GKWWBAA00065	485
GKWWBAA00065	519
GKWWBAA00065	573
GKWWBAA00065	615
GKWWBAA00065	644
GKWWBAA00065	648
GKWWBAA00065	666
GKWWBAA00065	817
GKWWBAA00065	1280
GKWWBAA00065	1314
GKWWBAA00065	1352
GKWWBAA00065	1496
GKWWBAA00065	1502
GKWWBAA00065	1639
GKWWBAA00065	1774
GKWWBAA00065	13373
GKWWBAA00065	28450
GKWWBAA00065	28901
GKWWBAA00065	32002
GKWWBAA00065	40324
GKWWBAA00065	80866
GKWWBAA00065	1117645
GKWWBAA00066	287
GKWWBAA00066	470
GKWWBAA00066	519
GKWWBAA00066	546
GKWWBAA00066	562
GKWWBAA00066	571
GKWWBAA00066	573
GKWWBAA00066	582
GKWWBAA00066	584
GKWWBAA00066	615
GKWWBAA00066	644
GKWWBAA00066	646
GKWWBAA00066	648
GKWWBAA00066	654
GKWWBAA00066	727
GKWWBAA00066	729
GKWWBAA00066	735
GKWWBAA00066	817
GKWWBAA00066	1311
GKWWBAA00066	1313
GKWWBAA00066	1314
GKWWBAA00066	1338
GKWWBAA00066	1351
GKWWBAA00066	1352
GKWWBAA00066	1496
GKWWBAA00066	1502
GKWWBAA00066	1513
GKWWBAA00066	1774
GKWWBAA00066	5476
GKWWBAA00066	28037
GKWWBAA00066	28090
GKWWBAA00066	28450
GKWWBAA00066	28901
GKWWBAA00066	29466
GKWWBAA00066	39950
GKWWBAA00066	40324
GKWWBAA00066	43675
GKWWBAA00066	48296
GKWWBAA00066	54291
GKWWBAA00066	57704
GKWWBAA00066	80866
GKWWBAA00066	106654
GKWWBAA00066	1117645
GKWWBAA00066	1463165
GKWWBAA00067	287
GKWWBAA00067	470
GKWWBAA00067	519
GKWWBAA00067	546
GKWWBAA00067	562
GKWWBAA00067	573
GKWWBAA00067	582
GKWWBAA00067	615
GKWWBAA00067	644
GKWWBAA00067	646
GKWWBAA00067	648
GKWWBAA00067	654
GKWWBAA00067	666
GKWWBAA00067	729
GKWWBAA00067	747
GKWWBAA00067	817
GKWWBAA00067	1260
GKWWBAA00067	1352
GKWWBAA00067	1496
GKWWBAA00067	1655
GKWWBAA00067	1766
GKWWBAA00067	1773
GKWWBAA00067	2718
GKWWBAA00067	5476
GKWWBAA00067	13373
GKWWBAA00067	13689
GKWWBAA00067	28132
GKWWBAA00067	28450
GKWWBAA00067	28901
GKWWBAA00067	29466
GKWWBAA00067	38289
GKWWBAA00067	40324
GKWWBAA00067	43675
GKWWBAA00067	48296
GKWWBAA00067	80866
GKWWBAA00067	84109
GKWWBAA00067	85698
GKWWBAA00067	106654
GKWWBAA00067	1117645
GKWWBAA00067	1463165
GKWWBAA00068	287
GKWWBAA00068	470
GKWWBAA00068	485
GKWWBAA00068	487
GKWWBAA00068	519
GKWWBAA00068	520
GKWWBAA00068	546
GKWWBAA00068	548
GKWWBAA00068	550
GKWWBAA00068	562
GKWWBAA00068	573
GKWWBAA00068	582
GKWWBAA00068	622
GKWWBAA00068	623
GKWWBAA00068	632
GKWWBAA00068	644
GKWWBAA00068	648
GKWWBAA00068	654
GKWWBAA00068	666
GKWWBAA00068	727
GKWWBAA00068	729
GKWWBAA00068	747
GKWWBAA00068	817
GKWWBAA00068	1280
GKWWBAA00068	1313
GKWWBAA00068	1314
GKWWBAA00068	1352
GKWWBAA00068	1392
GKWWBAA00068	1496
GKWWBAA00068	1502
GKWWBAA00068	1639
GKWWBAA00068	5763
GKWWBAA00068	13373
GKWWBAA00068	28450
GKWWBAA00068	28901
GKWWBAA00068	29466
GKWWBAA00068	40324
GKWWBAA00068	54291
GKWWBAA00068	106654
GKWWBAA00068	244366
GKWWBAA00068	1463165
GKWWBAA00069	197
GKWWBAA00069	287
GKWWBAA00069	470
GKWWBAA00069	520
GKWWBAA00069	546
GKWWBAA00069	562
GKWWBAA00069	571
GKWWBAA00069	573
GKWWBAA00069	575
GKWWBAA00069	582
GKWWBAA00069	615
GKWWBAA00069	623
GKWWBAA00069	644
GKWWBAA00069	646
GKWWBAA00069	648
GKWWBAA00069	654
GKWWBAA00069	666
GKWWBAA00069	729
GKWWBAA00069	747
GKWWBAA00069	817
GKWWBAA00069	1314
GKWWBAA00069	1352
GKWWBAA00069	1392
GKWWBAA00069	1496
GKWWBAA00069	1502
GKWWBAA00069	1717
GKWWBAA00069	13373
GKWWBAA00069	28132
GKWWBAA00069	28450
GKWWBAA00069	28901
GKWWBAA00069	40324
GKWWBAA00069	43675
GKWWBAA00069	48296
GKWWBAA00069	54291
GKWWBAA00069	80866
GKWWBAA00069	83655
GKWWBAA00069	244366
GKWWBAA00069	1463165
GKWWBAA00071	197
GKWWBAA00071	287
GKWWBAA00071	546
GKWWBAA00071	550
GKWWBAA00071	562
GKWWBAA00071	573
GKWWBAA00071	582
GKWWBAA00071	644
GKWWBAA00071	648
GKWWBAA00071	654
GKWWBAA00071	666
GKWWBAA00071	817
GKWWBAA00071	1352
GKWWBAA00071	1496
GKWWBAA00071	1502
GKWWBAA00071	13373
GKWWBAA00071	28450
GKWWBAA00071	28901
GKWWBAA00071	29466
GKWWBAA00071	106654
GKWWBAA00071	1463165
GKWWBAA00072	195
GKWWBAA00072	287
GKWWBAA00072	470
GKWWBAA00072	546
GKWWBAA00072	548
GKWWBAA00072	562
GKWWBAA00072	573
GKWWBAA00072	584
GKWWBAA00072	585
GKWWBAA00072	615
GKWWBAA00072	622
GKWWBAA00072	623
GKWWBAA00072	644
GKWWBAA00072	646
GKWWBAA00072	648
GKWWBAA00072	654
GKWWBAA00072	729
GKWWBAA00072	817
GKWWBAA00072	1280
GKWWBAA00072	1311
GKWWBAA00072	1313
GKWWBAA00072	1352
GKWWBAA00072	1496
GKWWBAA00072	28132
GKWWBAA00072	28450
GKWWBAA00072	28901
GKWWBAA00072	29466
GKWWBAA00072	39950
GKWWBAA00072	40324
GKWWBAA00072	43675
GKWWBAA00072	57704
GKWWBAA00072	80866
GKWWBAA00072	85698
GKWWBAA00072	106654
GKWWBAA00072	244366
GKWWBAA00072	1463165
GKWWBAA00073	287
GKWWBAA00073	470
GKWWBAA00073	485
GKWWBAA00073	519
GKWWBAA00073	546
GKWWBAA00073	562
GKWWBAA00073	571
GKWWBAA00073	573
GKWWBAA00073	615
GKWWBAA00073	644
GKWWBAA00073	646
GKWWBAA00073	648
GKWWBAA00073	654
GKWWBAA00073	666
GKWWBAA00073	729
GKWWBAA00073	817
GKWWBAA00073	1260
GKWWBAA00073	1276
GKWWBAA00073	1313
GKWWBAA00073	1338
GKWWBAA00073	1352
GKWWBAA00073	1379
GKWWBAA00073	1496
GKWWBAA00073	1502
GKWWBAA00073	1513
GKWWBAA00073	1655
GKWWBAA00073	1717
GKWWBAA00073	1774
GKWWBAA00073	13689
GKWWBAA00073	28090
GKWWBAA00073	28901
GKWWBAA00073	29466
GKWWBAA00073	32002
GKWWBAA00073	40324
GKWWBAA00073	43675
GKWWBAA00073	48296
GKWWBAA00073	54291
GKWWBAA00073	80866
GKWWBAA00073	85698
GKWWBAA00073	106654
GKWWBAA00073	134821
GKWWBAA00073	244366
GKWWBAA00073	1117645
GKWWBAA00073	1463165
GKWWBAA00074	197
GKWWBAA00074	199
GKWWBAA00074	287
GKWWBAA00074	485
GKWWBAA00074	546
GKWWBAA00074	562
GKWWBAA00074	571
GKWWBAA00074	573
GKWWBAA00074	582
GKWWBAA00074	615
GKWWBAA00074	621
GKWWBAA00074	622
GKWWBAA00074	644
GKWWBAA00074	646
GKWWBAA00074	648
GKWWBAA00074	654
GKWWBAA00074	666
GKWWBAA00074	729
GKWWBAA00074	747
GKWWBAA00074	1017
GKWWBAA00074	1280
GKWWBAA00074	1311
GKWWBAA00074	1313
GKWWBAA00074	1338
GKWWBAA00074	1496
GKWWBAA00074	1502
GKWWBAA00074	5763
GKWWBAA00074	13373
GKWWBAA00074	13689
GKWWBAA00074	28132
GKWWBAA00074	28901
GKWWBAA00074	29466
GKWWBAA00074	40324
GKWWBAA00074	43675
GKWWBAA00074	54291
GKWWBAA00074	80866
GKWWBAA00074	106654
GKWWBAA00074	1463165
GKWWBAA00075	287
GKWWBAA00075	470
GKWWBAA00075	519
GKWWBAA00075	546
GKWWBAA00075	562
GKWWBAA00075	573
GKWWBAA00075	582
GKWWBAA00075	584
GKWWBAA00075	615
GKWWBAA00075	644
GKWWBAA00075	646
GKWWBAA00075	648
GKWWBAA00075	654
GKWWBAA00075	666
GKWWBAA00075	729
GKWWBAA00075	747
GKWWBAA00075	817
GKWWBAA00075	1260
GKWWBAA00075	1261
GKWWBAA00075	1311
GKWWBAA00075	1313
GKWWBAA00075	1338
GKWWBAA00075	1352
GKWWBAA00075	1491
GKWWBAA00075	1496
GKWWBAA00075	1502
GKWWBAA00075	1513
GKWWBAA00075	1659
GKWWBAA00075	1774
GKWWBAA00075	5476
GKWWBAA00075	28090
GKWWBAA00075	28132
GKWWBAA00075	28450
GKWWBAA00075	28901
GKWWBAA00075	29466
GKWWBAA00075	36809
GKWWBAA00075	40324
GKWWBAA00075	43675
GKWWBAA00075	48296
GKWWBAA00075	80866
GKWWBAA00075	83262
GKWWBAA00075	106654
GKWWBAA00075	249188
GKWWBAA00075	1117645
GKWWBAA00075	1463165
GKWWBAA00077	197
GKWWBAA00077	238
GKWWBAA00077	287
GKWWBAA00077	446
GKWWBAA00077	470
GKWWBAA00077	519
GKWWBAA00077	545
GKWWBAA00077	546
GKWWBAA00077	548
GKWWBAA00077	550
GKWWBAA00077	562
GKWWBAA00077	571
GKWWBAA00077	573
GKWWBAA00077	575
GKWWBAA00077	582
GKWWBAA00077	584
GKWWBAA00077	615
GKWWBAA00077	623
GKWWBAA00077	644
GKWWBAA00077	646
GKWWBAA00077	648
GKWWBAA00077	654
GKWWBAA00077	666
GKWWBAA00077	727
GKWWBAA00077	729
GKWWBAA00077	747
GKWWBAA00077	817
GKWWBAA00077	1276
GKWWBAA00077	1311
GKWWBAA00077	1313
GKWWBAA00077	1351
GKWWBAA00077	1352
GKWWBAA00077	1496
GKWWBAA00077	1502
GKWWBAA00077	1639
GKWWBAA00077	1766
GKWWBAA00077	5476
GKWWBAA00077	28132
GKWWBAA00077	28450
GKWWBAA00077	28901
GKWWBAA00077	29466
GKWWBAA00077	32002
GKWWBAA00077	40324
GKWWBAA00077	43675
GKWWBAA00077	54291
GKWWBAA00077	106654
GKWWBAA00077	244366
GKWWBAA00077	1117645
GKWWBAA00077	1463165
GKWWBAA00078	197
GKWWBAA00078	210
GKWWBAA00078	238
GKWWBAA00078	287
GKWWBAA00078	446
GKWWBAA00078	485
GKWWBAA00078	520
GKWWBAA00078	546
GKWWBAA00078	548
GKWWBAA00078	550
GKWWBAA00078	562
GKWWBAA00078	571
GKWWBAA00078	573
GKWWBAA00078	582
GKWWBAA00078	615
GKWWBAA00078	622
GKWWBAA00078	623
GKWWBAA00078	632
GKWWBAA00078	644
GKWWBAA00078	648
GKWWBAA00078	654
GKWWBAA00078	666
GKWWBAA00078	727
GKWWBAA00078	729
GKWWBAA00078	747
GKWWBAA00078	817
GKWWBAA00078	1313
GKWWBAA00078	1496
GKWWBAA00078	1502
GKWWBAA00078	1766
GKWWBAA00078	1773
GKWWBAA00078	13373
GKWWBAA00078	28450
GKWWBAA00078	28901
GKWWBAA00078	29466
GKWWBAA00078	32002
GKWWBAA00078	36809
GKWWBAA00078	43675
GKWWBAA00078	54291
GKWWBAA00078	57704
GKWWBAA00078	244366
GKWWBAA00078	1463165
GKWWBAA00079	287
GKWWBAA00079	451
GKWWBAA00079	487
GKWWBAA00079	520
GKWWBAA00079	573
GKWWBAA00079	582
GKWWBAA00079	644
GKWWBAA00079	648
GKWWBAA00079	747
GKWWBAA00079	817
GKWWBAA00079	1276
GKWWBAA00079	1313
GKWWBAA00079	1496
GKWWBAA00079	1502
GKWWBAA00079	1639
GKWWBAA00079	1766
GKWWBAA00079	1773
GKWWBAA00079	1774
GKWWBAA00079	13373
GKWWBAA00079	28450
GKWWBAA00079	28901
GKWWBAA00079	32002
GKWWBAA00079	36809
GKWWBAA00079	43675
GKWWBAA00079	57704
GKWWBAA00079	1463165
GKWWBAA00080	287
GKWWBAA00080	294
GKWWBAA00080	446
GKWWBAA00080	470
GKWWBAA00080	519
GKWWBAA00080	520
GKWWBAA00080	546
GKWWBAA00080	562
GKWWBAA00080	571
GKWWBAA00080	573
GKWWBAA00080	575
GKWWBAA00080	582
GKWWBAA00080	584
GKWWBAA00080	615
GKWWBAA00080	644
GKWWBAA00080	646
GKWWBAA00080	648
GKWWBAA00080	654
GKWWBAA00080	729
GKWWBAA00080	747
GKWWBAA00080	817
GKWWBAA00080	1311
GKWWBAA00080	1313
GKWWBAA00080	1352
GKWWBAA00080	1379
GKWWBAA00080	1496
GKWWBAA00080	1639
GKWWBAA00080	1717
GKWWBAA00080	1766
GKWWBAA00080	1774
GKWWBAA00080	5476
GKWWBAA00080	13689
GKWWBAA00080	28901
GKWWBAA00080	29466
GKWWBAA00080	32002
GKWWBAA00080	36809
GKWWBAA00080	39950
GKWWBAA00080	40324
GKWWBAA00080	43675
GKWWBAA00080	48296
GKWWBAA00080	54291
GKWWBAA00080	57704
GKWWBAA00080	80866
GKWWBAA00080	83262
GKWWBAA00080	85698
GKWWBAA00080	106654
GKWWBAA00080	1117645
GKWWBAA00080	1463165
GKWWBAA00081	24
GKWWBAA00081	197
GKWWBAA00081	287
GKWWBAA00081	470
GKWWBAA00081	519
GKWWBAA00081	546
GKWWBAA00081	562
GKWWBAA00081	571
GKWWBAA00081	573
GKWWBAA00081	582
GKWWBAA00081	584
GKWWBAA00081	615
GKWWBAA00081	624
GKWWBAA00081	644
GKWWBAA00081	646
GKWWBAA00081	648
GKWWBAA00081	654
GKWWBAA00081	666
GKWWBAA00081	729
GKWWBAA00081	747
GKWWBAA00081	817
GKWWBAA00081	1311
GKWWBAA00081	1313
GKWWBAA00081	1314
GKWWBAA00081	1352
GKWWBAA00081	1496
GKWWBAA00081	1502
GKWWBAA00081	1513
GKWWBAA00081	13373
GKWWBAA00081	28450
GKWWBAA00081	28901
GKWWBAA00081	29466
GKWWBAA00081	40324
GKWWBAA00081	43675
GKWWBAA00081	80866
GKWWBAA00081	1463165
GKWWBAA00082	197
GKWWBAA00082	199
GKWWBAA00082	287
GKWWBAA00082	446
GKWWBAA00082	470
GKWWBAA00082	485
GKWWBAA00082	520
GKWWBAA00082	573
GKWWBAA00082	615
GKWWBAA00082	622
GKWWBAA00082	644
GKWWBAA00082	648
GKWWBAA00082	654
GKWWBAA00082	666
GKWWBAA00082	727
GKWWBAA00082	729
GKWWBAA00082	777
GKWWBAA00082	1280
GKWWBAA00082	1313
GKWWBAA00082	1392
GKWWBAA00082	1491
GKWWBAA00082	1496
GKWWBAA00082	1502
GKWWBAA00082	1639
GKWWBAA00082	1774
GKWWBAA00082	5763
GKWWBAA00082	13373
GKWWBAA00082	13689
GKWWBAA00082	28132
GKWWBAA00082	28450
GKWWBAA00082	28901
GKWWBAA00082	29466
GKWWBAA00082	35814
GKWWBAA00082	43675
GKWWBAA00082	48296
GKWWBAA00082	57704
GKWWBAA00083	197
GKWWBAA00083	287
GKWWBAA00083	485
GKWWBAA00083	519
GKWWBAA00083	520
GKWWBAA00083	573
GKWWBAA00083	582
GKWWBAA00083	584
GKWWBAA00083	615
GKWWBAA00083	623
GKWWBAA00083	644
GKWWBAA00083	648
GKWWBAA00083	654
GKWWBAA00083	666
GKWWBAA00083	747
GKWWBAA00083	813
GKWWBAA00083	1280
GKWWBAA00083	1311
GKWWBAA00083	1313
GKWWBAA00083	1352
GKWWBAA00083	1496
GKWWBAA00083	1502
GKWWBAA00083	1639
GKWWBAA00083	5476
GKWWBAA00083	13373
GKWWBAA00083	28450
GKWWBAA00083	28901
GKWWBAA00083	40324
GKWWBAA00083	1117645
GKWWBAA00084	287
GKWWBAA00084	485
GKWWBAA00084	519
GKWWBAA00084	520
GKWWBAA00084	562
GKWWBAA00084	573
GKWWBAA00084	615
GKWWBAA00084	621
GKWWBAA00084	622
GKWWBAA00084	644
GKWWBAA00084	646
GKWWBAA00084	648
GKWWBAA00084	654
GKWWBAA00084	666
GKWWBAA00084	729
GKWWBAA00084	817
GKWWBAA00084	1019
GKWWBAA00084	1276
GKWWBAA00084	1280
GKWWBAA00084	1313
GKWWBAA00084	1314
GKWWBAA00084	1496
GKWWBAA00084	1502
GKWWBAA00084	1639
GKWWBAA00084	1736
GKWWBAA00084	1773
GKWWBAA00084	5763
GKWWBAA00084	13373
GKWWBAA00084	13689
GKWWBAA00084	28132
GKWWBAA00084	28450
GKWWBAA00084	28901
GKWWBAA00084	29466
GKWWBAA00084	40324
GKWWBAA00084	43675
GKWWBAA00084	80866
GKWWBAA00084	1117645
GKWWBAA00084	1463165
GKWWBAA00085	287
GKWWBAA00085	519
GKWWBAA00085	520
GKWWBAA00085	666
GKWWBAA00085	747
GKWWBAA00085	817
GKWWBAA00085	1311
GKWWBAA00085	1313
GKWWBAA00085	1352
GKWWBAA00085	1496
GKWWBAA00085	1502
GKWWBAA00085	1639
GKWWBAA00085	1773
GKWWBAA00085	1774
GKWWBAA00085	13373
GKWWBAA00085	28450
GKWWBAA00085	28901
GKWWBAA00085	35814
GKWWBAA00085	36809
GKWWBAA00085	40324
GKWWBAA00086	287
GKWWBAA00086	294
GKWWBAA00086	470
GKWWBAA00086	519
GKWWBAA00086	520
GKWWBAA00086	546
GKWWBAA00086	562
GKWWBAA00086	571
GKWWBAA00086	573
GKWWBAA00086	615
GKWWBAA00086	623
GKWWBAA00086	644
GKWWBAA00086	646
GKWWBAA00086	648
GKWWBAA00086	654
GKWWBAA00086	729
GKWWBAA00086	817
GKWWBAA00086	1311
GKWWBAA00086	1313
GKWWBAA00086	1338
GKWWBAA00086	1352
GKWWBAA00086	1496
GKWWBAA00086	1766
GKWWBAA00086	13373
GKWWBAA00086	28090
GKWWBAA00086	28901
GKWWBAA00086	29391
GKWWBAA00086	29466
GKWWBAA00086	32002
GKWWBAA00086	40324
GKWWBAA00086	43675
GKWWBAA00086	48296
GKWWBAA00086	80866
GKWWBAA00086	85698
GKWWBAA00086	106654
GKWWBAA00086	134821
GKWWBAA00086	1117645
GKWWBAA00086	1463165
GKWWBAA00087	197
GKWWBAA00087	287
GKWWBAA00087	487
GKWWBAA00087	519
GKWWBAA00087	520
GKWWBAA00087	546
GKWWBAA00087	548
GKWWBAA00087	550
GKWWBAA00087	562
GKWWBAA00087	573
GKWWBAA00087	582
GKWWBAA00087	632
GKWWBAA00087	644
GKWWBAA00087	648
GKWWBAA00087	654
GKWWBAA00087	666
GKWWBAA00087	747
GKWWBAA00087	1280
GKWWBAA00087	1313
GKWWBAA00087	1352
GKWWBAA00087	1496
GKWWBAA00087	1502
GKWWBAA00087	13373
GKWWBAA00087	28450
GKWWBAA00087	28901
GKWWBAA00087	29459
GKWWBAA00087	35814
GKWWBAA00087	54291
GKWWBAA00087	244366
GKWWBAA00087	1117645
GKWWBAA00087	1463165
GKWWBAA00088	199
GKWWBAA00088	287
GKWWBAA00088	470
GKWWBAA00088	519
GKWWBAA00088	546
GKWWBAA00088	550
GKWWBAA00088	562
GKWWBAA00088	573
GKWWBAA00088	582
GKWWBAA00088	584
GKWWBAA00088	615
GKWWBAA00088	622
GKWWBAA00088	623
GKWWBAA00088	644
GKWWBAA00088	648
GKWWBAA00088	654
GKWWBAA00088	727
GKWWBAA00088	729
GKWWBAA00088	817
GKWWBAA00088	1311
GKWWBAA00088	1313
GKWWBAA00088	1328
GKWWBAA00088	1338
GKWWBAA00088	1352
GKWWBAA00088	1496
GKWWBAA00088	1502
GKWWBAA00088	1513
GKWWBAA00088	1655
GKWWBAA00088	1766
GKWWBAA00088	1774
GKWWBAA00088	5476
GKWWBAA00088	13373
GKWWBAA00088	28037
GKWWBAA00088	28450
GKWWBAA00088	28901
GKWWBAA00088	29466
GKWWBAA00088	36809
GKWWBAA00088	40324
GKWWBAA00088	43675
GKWWBAA00088	57704
GKWWBAA00088	80866
GKWWBAA00088	83262
GKWWBAA00088	249188
GKWWBAA00088	1463165
GKWWBAA00089	160
GKWWBAA00089	197
GKWWBAA00089	210
GKWWBAA00089	287
GKWWBAA00089	470
GKWWBAA00089	485
GKWWBAA00089	487
GKWWBAA00089	520
GKWWBAA00089	546
GKWWBAA00089	548
GKWWBAA00089	550
GKWWBAA00089	562
GKWWBAA00089	573
GKWWBAA00089	582
GKWWBAA00089	584
GKWWBAA00089	644
GKWWBAA00089	648
GKWWBAA00089	654
GKWWBAA00089	666
GKWWBAA00089	747
GKWWBAA00089	784
GKWWBAA00089	817
GKWWBAA00089	1280
GKWWBAA00089	1311
GKWWBAA00089	1313
GKWWBAA00089	1352
GKWWBAA00089	1392
GKWWBAA00089	1496
GKWWBAA00089	1502
GKWWBAA00089	1639
GKWWBAA00089	5476
GKWWBAA00089	5763
GKWWBAA00089	13373
GKWWBAA00089	28450
GKWWBAA00089	28901
GKWWBAA00089	29466
GKWWBAA00089	244366
GKWWBAA00089	1463165
GKWWBAA00090	287
GKWWBAA00090	470
GKWWBAA00090	519
GKWWBAA00090	546
GKWWBAA00090	550
GKWWBAA00090	562
GKWWBAA00090	573
GKWWBAA00090	615
GKWWBAA00090	622
GKWWBAA00090	623
GKWWBAA00090	644
GKWWBAA00090	646
GKWWBAA00090	648
GKWWBAA00090	654
GKWWBAA00090	727
GKWWBAA00090	729
GKWWBAA00090	817
GKWWBAA00090	1352
GKWWBAA00090	1496
GKWWBAA00090	28901
GKWWBAA00090	29466
GKWWBAA00090	40324
GKWWBAA00090	43675
GKWWBAA00090	80866
GKWWBAA00090	1463165
GKWWBAA00091	210
GKWWBAA00091	287
GKWWBAA00091	470
GKWWBAA00091	519
GKWWBAA00091	546
GKWWBAA00091	562
GKWWBAA00091	571
GKWWBAA00091	573
GKWWBAA00091	582
GKWWBAA00091	584
GKWWBAA00091	615
GKWWBAA00091	644
GKWWBAA00091	646
GKWWBAA00091	648
GKWWBAA00091	654
GKWWBAA00091	666
GKWWBAA00091	729
GKWWBAA00091	817
GKWWBAA00091	1311
GKWWBAA00091	1313
GKWWBAA00091	1352
GKWWBAA00091	1491
GKWWBAA00091	1496
GKWWBAA00091	1502
GKWWBAA00091	1513
GKWWBAA00091	1639
GKWWBAA00091	1736
GKWWBAA00091	13373
GKWWBAA00091	28090
GKWWBAA00091	28901
GKWWBAA00091	29466
GKWWBAA00091	40324
GKWWBAA00091	43675
GKWWBAA00091	48296
GKWWBAA00091	80866
GKWWBAA00091	106654
GKWWBAA00091	1463165
GKWWBAA00092	199
GKWWBAA00092	287
GKWWBAA00092	519
GKWWBAA00092	546
GKWWBAA00092	562
GKWWBAA00092	571
GKWWBAA00092	573
GKWWBAA00092	582
GKWWBAA00092	615
GKWWBAA00092	622
GKWWBAA00092	623
GKWWBAA00092	644
GKWWBAA00092	646
GKWWBAA00092	648
GKWWBAA00092	654
GKWWBAA00092	666
GKWWBAA00092	726
GKWWBAA00092	727
GKWWBAA00092	729
GKWWBAA00092	747
GKWWBAA00092	817
GKWWBAA00092	1276
GKWWBAA00092	1280
GKWWBAA00092	1352
GKWWBAA00092	1379
GKWWBAA00092	1496
GKWWBAA00092	1502
GKWWBAA00092	1513
GKWWBAA00092	1773
GKWWBAA00092	2718
GKWWBAA00092	13373
GKWWBAA00092	13689
GKWWBAA00092	28132
GKWWBAA00092	28450
GKWWBAA00092	28901
GKWWBAA00092	29466
GKWWBAA00092	43675
GKWWBAA00092	80866
GKWWBAA00092	106654
GKWWBAA00092	1117645
GKWWBAA00092	1463165
GKWWBAA00093	287
GKWWBAA00093	470
GKWWBAA00093	519
GKWWBAA00093	520
GKWWBAA00093	546
GKWWBAA00093	562
GKWWBAA00093	573
GKWWBAA00093	623
GKWWBAA00093	644
GKWWBAA00093	648
GKWWBAA00093	654
GKWWBAA00093	666
GKWWBAA00093	817
GKWWBAA00093	1280
GKWWBAA00093	1352
GKWWBAA00093	1496
GKWWBAA00093	1502
GKWWBAA00093	1513
GKWWBAA00093	1639
GKWWBAA00093	1717
GKWWBAA00093	1773
GKWWBAA00093	1774
GKWWBAA00093	5763
GKWWBAA00093	13373
GKWWBAA00093	28450
GKWWBAA00093	28901
GKWWBAA00093	29466
GKWWBAA00093	40324
GKWWBAA00093	54291
GKWWBAA00093	1463165
GKWWBAA00104	287
GKWWBAA00104	470
GKWWBAA00104	485
GKWWBAA00104	546
GKWWBAA00104	562
GKWWBAA00104	573
GKWWBAA00104	575
GKWWBAA00104	615
GKWWBAA00104	623
GKWWBAA00104	644
GKWWBAA00104	646
GKWWBAA00104	648
GKWWBAA00104	654
GKWWBAA00104	666
GKWWBAA00104	729
GKWWBAA00104	747
GKWWBAA00104	817
GKWWBAA00104	1280
GKWWBAA00104	1313
GKWWBAA00104	1352
GKWWBAA00104	1496
GKWWBAA00104	1502
GKWWBAA00104	1513
GKWWBAA00104	1639
GKWWBAA00104	13373
GKWWBAA00104	13689
GKWWBAA00104	28450
GKWWBAA00104	28901
GKWWBAA00104	40324
GKWWBAA00104	54291
GKWWBAA00104	80866
GKWWBAA00104	244366
GKWWBAA00104	1117645
GKWWBAA00104	1463165
GKWWBAA00105	287
GKWWBAA00105	294
GKWWBAA00105	470
GKWWBAA00105	546
GKWWBAA00105	548
GKWWBAA00105	562
GKWWBAA00105	571
GKWWBAA00105	573
GKWWBAA00105	582
GKWWBAA00105	584
GKWWBAA00105	615
GKWWBAA00105	644
GKWWBAA00105	646
GKWWBAA00105	648
GKWWBAA00105	654
GKWWBAA00105	729
GKWWBAA00105	817
GKWWBAA00105	1260
GKWWBAA00105	1311
GKWWBAA00105	1313
GKWWBAA00105	1328
GKWWBAA00105	1352
GKWWBAA00105	1496
GKWWBAA00105	1502
GKWWBAA00105	1766
GKWWBAA00105	5476
GKWWBAA00105	28132
GKWWBAA00105	28450
GKWWBAA00105	28901
GKWWBAA00105	29466
GKWWBAA00105	36809
GKWWBAA00105	39950
GKWWBAA00105	40324
GKWWBAA00105	43675
GKWWBAA00105	48296
GKWWBAA00105	54291
GKWWBAA00105	57704
GKWWBAA00105	80866
GKWWBAA00105	83262
GKWWBAA00105	85698
GKWWBAA00105	106654
GKWWBAA00105	244366
GKWWBAA00105	1117645
GKWWBAA00105	1463165
GKWWBAA00106	287
GKWWBAA00106	470
GKWWBAA00106	519
GKWWBAA00106	546
GKWWBAA00106	562
GKWWBAA00106	571
GKWWBAA00106	573
GKWWBAA00106	582
GKWWBAA00106	584
GKWWBAA00106	615
GKWWBAA00106	623
GKWWBAA00106	644
GKWWBAA00106	646
GKWWBAA00106	648
GKWWBAA00106	654
GKWWBAA00106	729
GKWWBAA00106	817
GKWWBAA00106	1313
GKWWBAA00106	1352
GKWWBAA00106	1496
GKWWBAA00106	1513
GKWWBAA00106	28901
GKWWBAA00106	29466
GKWWBAA00106	39950
GKWWBAA00106	40324
GKWWBAA00106	43675
GKWWBAA00106	80866
GKWWBAA00106	249188
GKWWBAA00106	1463165
GKWWBAA00107	197
GKWWBAA00107	287
GKWWBAA00107	485
GKWWBAA00107	487
GKWWBAA00107	519
GKWWBAA00107	520
GKWWBAA00107	546
GKWWBAA00107	548
GKWWBAA00107	550
GKWWBAA00107	562
GKWWBAA00107	573
GKWWBAA00107	582
GKWWBAA00107	622
GKWWBAA00107	623
GKWWBAA00107	632
GKWWBAA00107	644
GKWWBAA00107	648
GKWWBAA00107	654
GKWWBAA00107	666
GKWWBAA00107	727
GKWWBAA00107	747
GKWWBAA00107	1280
GKWWBAA00107	1311
GKWWBAA00107	1313
GKWWBAA00107	1392
GKWWBAA00107	1496
GKWWBAA00107	1502
GKWWBAA00107	1513
GKWWBAA00107	1639
GKWWBAA00107	1766
GKWWBAA00107	1774
GKWWBAA00107	5476
GKWWBAA00107	13373
GKWWBAA00107	28450
GKWWBAA00107	28901
GKWWBAA00107	32002
GKWWBAA00107	244366
GKWWBAA00107	1463165
GKWWBAA00110	24
GKWWBAA00110	287
GKWWBAA00110	446
GKWWBAA00110	470
GKWWBAA00110	519
GKWWBAA00110	546
GKWWBAA00110	562
GKWWBAA00110	571
GKWWBAA00110	573
GKWWBAA00110	582
GKWWBAA00110	615
GKWWBAA00110	623
GKWWBAA00110	644
GKWWBAA00110	648
GKWWBAA00110	654
GKWWBAA00110	666
GKWWBAA00110	729
GKWWBAA00110	817
GKWWBAA00110	1311
GKWWBAA00110	1313
GKWWBAA00110	1314
GKWWBAA00110	1338
GKWWBAA00110	1352
GKWWBAA00110	1392
GKWWBAA00110	1496
GKWWBAA00110	1502
GKWWBAA00110	1513
GKWWBAA00110	1639
GKWWBAA00110	1717
GKWWBAA00110	1774
GKWWBAA00110	5476
GKWWBAA00110	28090
GKWWBAA00110	28450
GKWWBAA00110	28901
GKWWBAA00110	29466
GKWWBAA00110	37727
GKWWBAA00110	39950
GKWWBAA00110	40324
GKWWBAA00110	43675
GKWWBAA00110	48296
GKWWBAA00110	80866
GKWWBAA00110	83262
GKWWBAA00110	106654
GKWWBAA00110	244366
GKWWBAA00110	746128
GKWWBAA00110	1117645
GKWWBAA00110	1463165
GKWWBAA00111	287
GKWWBAA00111	470
GKWWBAA00111	519
GKWWBAA00111	520
GKWWBAA00111	573
GKWWBAA00111	582
GKWWBAA00111	644
GKWWBAA00111	648
GKWWBAA00111	654
GKWWBAA00111	1276
GKWWBAA00111	1313
GKWWBAA00111	1352
GKWWBAA00111	1496
GKWWBAA00111	1502
GKWWBAA00111	1639
GKWWBAA00111	1773
GKWWBAA00111	1774
GKWWBAA00111	13373
GKWWBAA00111	28090
GKWWBAA00111	28450
GKWWBAA00111	28901
GKWWBAA00111	36809
GKWWBAA00111	40324
GKWWBAA00111	48296
GKWWBAA00111	106654
GKWWBAA00112	287
GKWWBAA00112	450
GKWWBAA00112	470
GKWWBAA00112	519
GKWWBAA00112	546
GKWWBAA00112	562
GKWWBAA00112	571
GKWWBAA00112	573
GKWWBAA00112	582
GKWWBAA00112	615
GKWWBAA00112	623
GKWWBAA00112	644
GKWWBAA00112	646
GKWWBAA00112	648
GKWWBAA00112	654
GKWWBAA00112	666
GKWWBAA00112	727
GKWWBAA00112	729
GKWWBAA00112	817
GKWWBAA00112	1280
GKWWBAA00112	1313
GKWWBAA00112	1352
GKWWBAA00112	1392
GKWWBAA00112	1496
GKWWBAA00112	1502
GKWWBAA00112	1639
GKWWBAA00112	1766
GKWWBAA00112	13689
GKWWBAA00112	28132
GKWWBAA00112	28450
GKWWBAA00112	28901
GKWWBAA00112	29466
GKWWBAA00112	32002
GKWWBAA00112	40324
GKWWBAA00112	43675
GKWWBAA00112	48296
GKWWBAA00112	54291
GKWWBAA00112	57704
GKWWBAA00112	80866
GKWWBAA00112	85698
GKWWBAA00112	106654
GKWWBAA00112	117187
GKWWBAA00112	244366
GKWWBAA00112	1117645
GKWWBAA00112	1463165
GKWWBAA00113	197
GKWWBAA00113	210
GKWWBAA00113	287
GKWWBAA00113	487
GKWWBAA00113	519
GKWWBAA00113	520
GKWWBAA00113	545
GKWWBAA00113	546
GKWWBAA00113	548
GKWWBAA00113	550
GKWWBAA00113	562
GKWWBAA00113	571
GKWWBAA00113	573
GKWWBAA00113	582
GKWWBAA00113	584
GKWWBAA00113	644
GKWWBAA00113	648
GKWWBAA00113	654
GKWWBAA00113	666
GKWWBAA00113	817
GKWWBAA00113	1311
GKWWBAA00113	1313
GKWWBAA00113	1352
GKWWBAA00113	1491
GKWWBAA00113	1496
GKWWBAA00113	1502
GKWWBAA00113	1639
GKWWBAA00113	1717
GKWWBAA00113	1766
GKWWBAA00113	5476
GKWWBAA00113	13373
GKWWBAA00113	28132
GKWWBAA00113	28901
GKWWBAA00113	29466
GKWWBAA00113	36809
GKWWBAA00113	40324
GKWWBAA00113	54291
GKWWBAA00113	57704
GKWWBAA00113	244366
GKWWBAA00113	1463165
GKWWBAA00114	197
GKWWBAA00114	287
GKWWBAA00114	548
GKWWBAA00114	562
GKWWBAA00114	573
GKWWBAA00114	582
GKWWBAA00114	615
GKWWBAA00114	644
GKWWBAA00114	648
GKWWBAA00114	654
GKWWBAA00114	666
GKWWBAA00114	729
GKWWBAA00114	817
GKWWBAA00114	1311
GKWWBAA00114	1313
GKWWBAA00114	1352
GKWWBAA00114	1392
GKWWBAA00114	1496
GKWWBAA00114	1502
GKWWBAA00114	1513
GKWWBAA00114	1639
GKWWBAA00114	1766
GKWWBAA00114	1774
GKWWBAA00114	13373
GKWWBAA00114	28450
GKWWBAA00114	28901
GKWWBAA00114	29466
GKWWBAA00114	36809
GKWWBAA00114	39950
GKWWBAA00114	40324
GKWWBAA00114	43675
GKWWBAA00114	57704
GKWWBAA00114	80866
GKWWBAA00114	83262
GKWWBAA00114	249188
GKWWBAA00115	287
GKWWBAA00115	485
GKWWBAA00115	519
GKWWBAA00115	562
GKWWBAA00115	582
GKWWBAA00115	632
GKWWBAA00115	644
GKWWBAA00115	646
GKWWBAA00115	648
GKWWBAA00115	654
GKWWBAA00115	666
GKWWBAA00115	726
GKWWBAA00115	729
GKWWBAA00115	1017
GKWWBAA00115	1280
GKWWBAA00115	1313
GKWWBAA00115	1314
GKWWBAA00115	1392
GKWWBAA00115	1496
GKWWBAA00115	1502
GKWWBAA00115	1639
GKWWBAA00115	5476
GKWWBAA00115	13373
GKWWBAA00115	13689
GKWWBAA00115	28450
GKWWBAA00115	28901
GKWWBAA00115	29466
GKWWBAA00115	43675
GKWWBAA00115	106654
GKWWBAA00116	287
GKWWBAA00116	470
GKWWBAA00116	546
GKWWBAA00116	562
GKWWBAA00116	573
GKWWBAA00116	575
GKWWBAA00116	582
GKWWBAA00116	615
GKWWBAA00116	622
GKWWBAA00116	623
GKWWBAA00116	624
GKWWBAA00116	644
GKWWBAA00116	646
GKWWBAA00116	648
GKWWBAA00116	654
GKWWBAA00116	666
GKWWBAA00116	729
GKWWBAA00116	747
GKWWBAA00116	817
GKWWBAA00116	1261
GKWWBAA00116	1311
GKWWBAA00116	1313
GKWWBAA00116	1352
GKWWBAA00116	1496
GKWWBAA00116	1502
GKWWBAA00116	1639
GKWWBAA00116	28901
GKWWBAA00116	29466
GKWWBAA00116	43675
GKWWBAA00116	54291
GKWWBAA00116	106654
GKWWBAA00116	244366
GKWWBAA00116	249188
GKWWBAA00116	1463165
GKWWBAA00117	287
GKWWBAA00117	294
GKWWBAA00117	446
GKWWBAA00117	470
GKWWBAA00117	519
GKWWBAA00117	546
GKWWBAA00117	562
GKWWBAA00117	573
GKWWBAA00117	615
GKWWBAA00117	644
GKWWBAA00117	648
GKWWBAA00117	654
GKWWBAA00117	729
GKWWBAA00117	817
GKWWBAA00117	1261
GKWWBAA00117	1311
GKWWBAA00117	1313
GKWWBAA00117	1314
GKWWBAA00117	1351
GKWWBAA00117	1352
GKWWBAA00117	1379
GKWWBAA00117	1496
GKWWBAA00117	1502
GKWWBAA00117	1766
GKWWBAA00117	1774
GKWWBAA00117	5476
GKWWBAA00117	13373
GKWWBAA00117	28132
GKWWBAA00117	28450
GKWWBAA00117	28901
GKWWBAA00117	29466
GKWWBAA00117	40324
GKWWBAA00117	43675
GKWWBAA00117	48296
GKWWBAA00117	57704
GKWWBAA00117	80866
GKWWBAA00117	85698
GKWWBAA00117	106654
GKWWBAA00117	1117645
GKWWBAA00117	1463165
GKWWBAA00118	197
GKWWBAA00118	210
GKWWBAA00118	235
GKWWBAA00118	287
GKWWBAA00118	487
GKWWBAA00118	519
GKWWBAA00118	520
GKWWBAA00118	548
GKWWBAA00118	550
GKWWBAA00118	562
GKWWBAA00118	573
GKWWBAA00118	582
GKWWBAA00118	584
GKWWBAA00118	623
GKWWBAA00118	644
GKWWBAA00118	648
GKWWBAA00118	654
GKWWBAA00118	666
GKWWBAA00118	727
GKWWBAA00118	747
GKWWBAA00118	1276
GKWWBAA00118	1392
GKWWBAA00118	1491
GKWWBAA00118	1496
GKWWBAA00118	1502
GKWWBAA00118	1639
GKWWBAA00118	13373
GKWWBAA00118	28450
GKWWBAA00118	28901
GKWWBAA00118	29459
GKWWBAA00118	35814
GKWWBAA00118	1463165
GKWWBAA00119	287
GKWWBAA00119	470
GKWWBAA00119	546
GKWWBAA00119	562
GKWWBAA00119	573
GKWWBAA00119	582
GKWWBAA00119	615
GKWWBAA00119	644
GKWWBAA00119	646
GKWWBAA00119	648
GKWWBAA00119	654
GKWWBAA00119	666
GKWWBAA00119	729
GKWWBAA00119	817
GKWWBAA00119	1261
GKWWBAA00119	1311
GKWWBAA00119	1313
GKWWBAA00119	1352
GKWWBAA00119	1496
GKWWBAA00119	1502
GKWWBAA00119	1774
GKWWBAA00119	28132
GKWWBAA00119	28450
GKWWBAA00119	28901
GKWWBAA00119	29466
GKWWBAA00119	43675
GKWWBAA00119	54291
GKWWBAA00119	106654
GKWWBAA00119	1117645
GKWWBAA00119	1463165
GKWWBAA00120	197
GKWWBAA00120	287
GKWWBAA00120	485
GKWWBAA00120	519
GKWWBAA00120	520
GKWWBAA00120	562
GKWWBAA00120	573
GKWWBAA00120	582
GKWWBAA00120	621
GKWWBAA00120	644
GKWWBAA00120	646
GKWWBAA00120	654
GKWWBAA00120	666
GKWWBAA00120	784
GKWWBAA00120	1280
GKWWBAA00120	1496
GKWWBAA00120	1502
GKWWBAA00120	1639
GKWWBAA00120	1774
GKWWBAA00120	13373
GKWWBAA00120	28450
GKWWBAA00120	28901
GKWWBAA00120	29459
GKWWBAA00120	106654
GKWWBAA00120	1117645
GKWWBAA00121	210
GKWWBAA00121	287
GKWWBAA00121	294
GKWWBAA00121	470
GKWWBAA00121	520
GKWWBAA00121	546
GKWWBAA00121	562
GKWWBAA00121	573
GKWWBAA00121	615
GKWWBAA00121	622
GKWWBAA00121	644
GKWWBAA00121	648
GKWWBAA00121	654
GKWWBAA00121	666
GKWWBAA00121	727
GKWWBAA00121	729
GKWWBAA00121	747
GKWWBAA00121	817
GKWWBAA00121	1280
GKWWBAA00121	1311
GKWWBAA00121	1313
GKWWBAA00121	1314
GKWWBAA00121	1352
GKWWBAA00121	1496
GKWWBAA00121	13373
GKWWBAA00121	28450
GKWWBAA00121	28901
GKWWBAA00121	29466
GKWWBAA00121	40324
GKWWBAA00121	43675
GKWWBAA00121	48296
GKWWBAA00121	80866
GKWWBAA00121	106654
GKWWBAA00121	1117645
GKWWBAA00121	1463165
GKWWBAA00122	197
GKWWBAA00122	287
GKWWBAA00122	485
GKWWBAA00122	519
GKWWBAA00122	546
GKWWBAA00122	548
GKWWBAA00122	550
GKWWBAA00122	562
GKWWBAA00122	571
GKWWBAA00122	573
GKWWBAA00122	582
GKWWBAA00122	622
GKWWBAA00122	623
GKWWBAA00122	632
GKWWBAA00122	644
GKWWBAA00122	646
GKWWBAA00122	648
GKWWBAA00122	654
GKWWBAA00122	666
GKWWBAA00122	747
GKWWBAA00122	817
GKWWBAA00122	1276
GKWWBAA00122	1313
GKWWBAA00122	1352
GKWWBAA00122	1496
GKWWBAA00122	1502
GKWWBAA00122	1639
GKWWBAA00122	1717
GKWWBAA00122	1766
GKWWBAA00122	13373
GKWWBAA00122	28450
GKWWBAA00122	28901
GKWWBAA00122	43675
GKWWBAA00122	54291
GKWWBAA00122	244366
GKWWBAA00122	1463165
GKWWBAA00123	199
GKWWBAA00123	287
GKWWBAA00123	294
GKWWBAA00123	329
GKWWBAA00123	470
GKWWBAA00123	519
GKWWBAA00123	546
GKWWBAA00123	562
GKWWBAA00123	571
GKWWBAA00123	573
GKWWBAA00123	582
GKWWBAA00123	615
GKWWBAA00123	644
GKWWBAA00123	648
GKWWBAA00123	654
GKWWBAA00123	666
GKWWBAA00123	729
GKWWBAA00123	747
GKWWBAA00123	817
GKWWBAA00123	1019
GKWWBAA00123	1260
GKWWBAA00123	1261
GKWWBAA00123	1311
GKWWBAA00123	1313
GKWWBAA00123	1328
GKWWBAA00123	1338
GKWWBAA00123	1352
GKWWBAA00123	1379
GKWWBAA00123	1392
GKWWBAA00123	1496
GKWWBAA00123	1502
GKWWBAA00123	1513
GKWWBAA00123	1655
GKWWBAA00123	1766
GKWWBAA00123	1774
GKWWBAA00123	2718
GKWWBAA00123	13373
GKWWBAA00123	28037
GKWWBAA00123	28131
GKWWBAA00123	28132
GKWWBAA00123	28901
GKWWBAA00123	29466
GKWWBAA00123	33033
GKWWBAA00123	36809
GKWWBAA00123	39950
GKWWBAA00123	40324
GKWWBAA00123	43675
GKWWBAA00123	47312
GKWWBAA00123	57704
GKWWBAA00123	80866
GKWWBAA00123	83262
GKWWBAA00123	244366
GKWWBAA00123	1463165
GKWWBAA00124	287
GKWWBAA00124	450
GKWWBAA00124	470
GKWWBAA00124	519
GKWWBAA00124	546
GKWWBAA00124	548
GKWWBAA00124	562
GKWWBAA00124	573
GKWWBAA00124	582
GKWWBAA00124	615
GKWWBAA00124	644
GKWWBAA00124	646
GKWWBAA00124	648
GKWWBAA00124	654
GKWWBAA00124	666
GKWWBAA00124	729
GKWWBAA00124	817
GKWWBAA00124	1311
GKWWBAA00124	1313
GKWWBAA00124	1314
GKWWBAA00124	1351
GKWWBAA00124	1352
GKWWBAA00124	1496
GKWWBAA00124	1502
GKWWBAA00124	1513
GKWWBAA00124	1639
GKWWBAA00124	2718
GKWWBAA00124	5476
GKWWBAA00124	28131
GKWWBAA00124	28132
GKWWBAA00124	28450
GKWWBAA00124	28901
GKWWBAA00124	29466
GKWWBAA00124	40324
GKWWBAA00124	43675
GKWWBAA00124	48296
GKWWBAA00124	54291
GKWWBAA00124	80866
GKWWBAA00124	85698
GKWWBAA00124	106654
GKWWBAA00124	244366
GKWWBAA00124	249188
GKWWBAA00124	1117645
GKWWBAA00124	1463165
GKWWBAA00125	197
GKWWBAA00125	210
GKWWBAA00125	287
GKWWBAA00125	470
GKWWBAA00125	487
GKWWBAA00125	520
GKWWBAA00125	546
GKWWBAA00125	548
GKWWBAA00125	550
GKWWBAA00125	562
GKWWBAA00125	573
GKWWBAA00125	582
GKWWBAA00125	644
GKWWBAA00125	648
GKWWBAA00125	654
GKWWBAA00125	666
GKWWBAA00125	727
GKWWBAA00125	729
GKWWBAA00125	747
GKWWBAA00125	1276
GKWWBAA00125	1311
GKWWBAA00125	1313
GKWWBAA00125	1314
GKWWBAA00125	1392
GKWWBAA00125	1491
GKWWBAA00125	1496
GKWWBAA00125	1639
GKWWBAA00125	5763
GKWWBAA00125	13373
GKWWBAA00125	28450
GKWWBAA00125	28901
GKWWBAA00125	32002
GKWWBAA00125	40324
GKWWBAA00125	106654
GKWWBAA00125	1117645
GKWWBAA00125	1463165
GKWWBAA00126	287
GKWWBAA00126	446
GKWWBAA00126	470
GKWWBAA00126	519
GKWWBAA00126	546
GKWWBAA00126	549
GKWWBAA00126	562
GKWWBAA00126	571
GKWWBAA00126	573
GKWWBAA00126	582
GKWWBAA00126	615
GKWWBAA00126	644
GKWWBAA00126	648
GKWWBAA00126	654
GKWWBAA00126	666
GKWWBAA00126	729
GKWWBAA00126	817
GKWWBAA00126	1260
GKWWBAA00126	1261
GKWWBAA00126	1311
GKWWBAA00126	1313
GKWWBAA00126	1352
GKWWBAA00126	1379
GKWWBAA00126	1496
GKWWBAA00126	1502
GKWWBAA00126	1639
GKWWBAA00126	1766
GKWWBAA00126	1774
GKWWBAA00126	5476
GKWWBAA00126	28132
GKWWBAA00126	28901
GKWWBAA00126	29466
GKWWBAA00126	36809
GKWWBAA00126	40324
GKWWBAA00126	43675
GKWWBAA00126	43770
GKWWBAA00126	48296
GKWWBAA00126	57704
GKWWBAA00126	80866
GKWWBAA00126	85698
GKWWBAA00126	106654
GKWWBAA00126	249188
GKWWBAA00126	1117645
GKWWBAA00126	1463165
GKWWBAA00128	197
GKWWBAA00128	287
GKWWBAA00128	470
GKWWBAA00128	546
GKWWBAA00128	562
GKWWBAA00128	571
GKWWBAA00128	573
GKWWBAA00128	582
GKWWBAA00128	584
GKWWBAA00128	615
GKWWBAA00128	623
GKWWBAA00128	644
GKWWBAA00128	646
GKWWBAA00128	648
GKWWBAA00128	654
GKWWBAA00128	666
GKWWBAA00128	727
GKWWBAA00128	729
GKWWBAA00128	817
GKWWBAA00128	1261
GKWWBAA00128	1311
GKWWBAA00128	1313
GKWWBAA00128	1338
GKWWBAA00128	1352
GKWWBAA00128	1392
GKWWBAA00128	1496
GKWWBAA00128	1502
GKWWBAA00128	1513
GKWWBAA00128	1774
GKWWBAA00128	13373
GKWWBAA00128	28132
GKWWBAA00128	28450
GKWWBAA00128	28901
GKWWBAA00128	29466
GKWWBAA00128	40324
GKWWBAA00128	43675
GKWWBAA00128	48296
GKWWBAA00128	80866
GKWWBAA00128	83262
GKWWBAA00128	1463165
GKWWBAA00129	197
GKWWBAA00129	287
GKWWBAA00129	519
GKWWBAA00129	520
GKWWBAA00129	562
GKWWBAA00129	573
GKWWBAA00129	615
GKWWBAA00129	622
GKWWBAA00129	623
GKWWBAA00129	632
GKWWBAA00129	644
GKWWBAA00129	648
GKWWBAA00129	654
GKWWBAA00129	666
GKWWBAA00129	747
GKWWBAA00129	1260
GKWWBAA00129	1280
GKWWBAA00129	1496
GKWWBAA00129	1502
GKWWBAA00129	1639
GKWWBAA00129	1774
GKWWBAA00129	5763
GKWWBAA00129	13373
GKWWBAA00129	28450
GKWWBAA00129	28901
GKWWBAA00129	57704
GKWWBAA00130	287
GKWWBAA00130	470
GKWWBAA00130	546
GKWWBAA00130	548
GKWWBAA00130	562
GKWWBAA00130	573
GKWWBAA00130	575
GKWWBAA00130	615
GKWWBAA00130	644
GKWWBAA00130	646
GKWWBAA00130	648
GKWWBAA00130	654
GKWWBAA00130	666
GKWWBAA00130	729
GKWWBAA00130	747
GKWWBAA00130	817
GKWWBAA00130	1311
GKWWBAA00130	1352
GKWWBAA00130	1392
GKWWBAA00130	1496
GKWWBAA00130	1502
GKWWBAA00130	5476
GKWWBAA00130	13373
GKWWBAA00130	13689
GKWWBAA00130	28901
GKWWBAA00130	29466
GKWWBAA00130	40324
GKWWBAA00130	43675
GKWWBAA00130	54291
GKWWBAA00130	106654
GKWWBAA00130	244366
GKWWBAA00130	1117645
GKWWBAA00130	1463165
GKWWBAA00131	287
GKWWBAA00131	546
GKWWBAA00131	562
GKWWBAA00131	571
GKWWBAA00131	573
GKWWBAA00131	575
GKWWBAA00131	582
GKWWBAA00131	584
GKWWBAA00131	615
GKWWBAA00131	644
GKWWBAA00131	646
GKWWBAA00131	648
GKWWBAA00131	654
GKWWBAA00131	666
GKWWBAA00131	729
GKWWBAA00131	817
GKWWBAA00131	1017
GKWWBAA00131	1261
GKWWBAA00131	1311
GKWWBAA00131	1313
GKWWBAA00131	1352
GKWWBAA00131	1496
GKWWBAA00131	1502
GKWWBAA00131	13373
GKWWBAA00131	28450
GKWWBAA00131	28901
GKWWBAA00131	29466
GKWWBAA00131	33033
GKWWBAA00131	39950
GKWWBAA00131	40324
GKWWBAA00131	43675
GKWWBAA00131	80866
GKWWBAA00131	1117645
GKWWBAA00131	1463165
GKWWBAA00132	199
GKWWBAA00132	210
GKWWBAA00132	287
GKWWBAA00132	294
GKWWBAA00132	470
GKWWBAA00132	519
GKWWBAA00132	546
GKWWBAA00132	562
GKWWBAA00132	571
GKWWBAA00132	573
GKWWBAA00132	582
GKWWBAA00132	615
GKWWBAA00132	644
GKWWBAA00132	646
GKWWBAA00132	648
GKWWBAA00132	654
GKWWBAA00132	726
GKWWBAA00132	729
GKWWBAA00132	817
GKWWBAA00132	1019
GKWWBAA00132	1260
GKWWBAA00132	1261
GKWWBAA00132	1311
GKWWBAA00132	1313
GKWWBAA00132	1338
GKWWBAA00132	1352
GKWWBAA00132	1496
GKWWBAA00132	1502
GKWWBAA00132	1766
GKWWBAA00132	1774
GKWWBAA00132	5476
GKWWBAA00132	13689
GKWWBAA00132	28037
GKWWBAA00132	28132
GKWWBAA00132	28450
GKWWBAA00132	28901
GKWWBAA00132	29466
GKWWBAA00132	36809
GKWWBAA00132	39950
GKWWBAA00132	40324
GKWWBAA00132	43675
GKWWBAA00132	43770
GKWWBAA00132	57704
GKWWBAA00132	80866
GKWWBAA00132	85698
GKWWBAA00132	106654
GKWWBAA00132	244366
GKWWBAA00132	327575
GKWWBAA00132	1117645
GKWWBAA00132	1463165
GKWWBAA00133	199
GKWWBAA00133	238
GKWWBAA00133	287
GKWWBAA00133	470
GKWWBAA00133	485
GKWWBAA00133	546
GKWWBAA00133	548
GKWWBAA00133	550
GKWWBAA00133	562
GKWWBAA00133	571
GKWWBAA00133	573
GKWWBAA00133	582
GKWWBAA00133	584
GKWWBAA00133	622
GKWWBAA00133	632
GKWWBAA00133	644
GKWWBAA00133	648
GKWWBAA00133	654
GKWWBAA00133	666
GKWWBAA00133	817
GKWWBAA00133	1276
GKWWBAA00133	1311
GKWWBAA00133	1313
GKWWBAA00133	1352
GKWWBAA00133	1496
GKWWBAA00133	1502
GKWWBAA00133	1639
GKWWBAA00133	1655
GKWWBAA00133	1766
GKWWBAA00133	1773
GKWWBAA00133	5476
GKWWBAA00133	13373
GKWWBAA00133	28450
GKWWBAA00133	28901
GKWWBAA00133	29466
GKWWBAA00133	36809
GKWWBAA00133	40324
GKWWBAA00133	43675
GKWWBAA00133	54291
GKWWBAA00133	57704
GKWWBAA00133	84109
GKWWBAA00133	106654
GKWWBAA00133	244366
GKWWBAA00133	1117645
GKWWBAA00133	1463165
GKWWBAA00135	287
GKWWBAA00135	470
GKWWBAA00135	520
GKWWBAA00135	562
GKWWBAA00135	573
GKWWBAA00135	622
GKWWBAA00135	632
GKWWBAA00135	644
GKWWBAA00135	648
GKWWBAA00135	654
GKWWBAA00135	666
GKWWBAA00135	1280
GKWWBAA00135	1313
GKWWBAA00135	1392
GKWWBAA00135	1496
GKWWBAA00135	1502
GKWWBAA00135	1639
GKWWBAA00135	5763
GKWWBAA00135	13373
GKWWBAA00135	13689
GKWWBAA00135	28450
GKWWBAA00135	28901
GKWWBAA00135	29459
GKWWBAA00135	35814
GKWWBAA00135	48296
GKWWBAA00135	57704
GKWWBAA00135	106654
GKWWBAA00136	287
GKWWBAA00136	470
GKWWBAA00136	519
GKWWBAA00136	546
GKWWBAA00136	562
GKWWBAA00136	571
GKWWBAA00136	573
GKWWBAA00136	582
GKWWBAA00136	615
GKWWBAA00136	622
GKWWBAA00136	623
GKWWBAA00136	644
GKWWBAA00136	646
GKWWBAA00136	648
GKWWBAA00136	654
GKWWBAA00136	666
GKWWBAA00136	729
GKWWBAA00136	817
GKWWBAA00136	1313
GKWWBAA00136	1352
GKWWBAA00136	1496
GKWWBAA00136	1717
GKWWBAA00136	1766
GKWWBAA00136	5476
GKWWBAA00136	13373
GKWWBAA00136	28901
GKWWBAA00136	29466
GKWWBAA00136	39950
GKWWBAA00136	40324
GKWWBAA00136	43675
GKWWBAA00136	106654
GKWWBAA00136	134821
GKWWBAA00136	1463165
GKWWBAA00137	197
GKWWBAA00137	287
GKWWBAA00137	470
GKWWBAA00137	485
GKWWBAA00137	546
GKWWBAA00137	548
GKWWBAA00137	550
GKWWBAA00137	562
GKWWBAA00137	571
GKWWBAA00137	573
GKWWBAA00137	582
GKWWBAA00137	615
GKWWBAA00137	622
GKWWBAA00137	623
GKWWBAA00137	624
GKWWBAA00137	632
GKWWBAA00137	644
GKWWBAA00137	646
GKWWBAA00137	648
GKWWBAA00137	654
GKWWBAA00137	666
GKWWBAA00137	727
GKWWBAA00137	747
GKWWBAA00137	1261
GKWWBAA00137	1280
GKWWBAA00137	1313
GKWWBAA00137	1352
GKWWBAA00137	1496
GKWWBAA00137	1502
GKWWBAA00137	1639
GKWWBAA00137	1766
GKWWBAA00137	1773
GKWWBAA00137	5763
GKWWBAA00137	13373
GKWWBAA00137	28090
GKWWBAA00137	28450
GKWWBAA00137	28901
GKWWBAA00137	29459
GKWWBAA00137	32002
GKWWBAA00137	40324
GKWWBAA00137	48296
GKWWBAA00137	54291
GKWWBAA00137	106654
GKWWBAA00137	244366
GKWWBAA00137	1117645
GKWWBAA00137	1463165
GKWWBAA00138	287
GKWWBAA00138	470
GKWWBAA00138	546
GKWWBAA00138	548
GKWWBAA00138	562
GKWWBAA00138	571
GKWWBAA00138	573
GKWWBAA00138	575
GKWWBAA00138	582
GKWWBAA00138	584
GKWWBAA00138	615
GKWWBAA00138	623
GKWWBAA00138	644
GKWWBAA00138	646
GKWWBAA00138	648
GKWWBAA00138	654
GKWWBAA00138	666
GKWWBAA00138	727
GKWWBAA00138	729
GKWWBAA00138	747
GKWWBAA00138	817
GKWWBAA00138	1313
GKWWBAA00138	1338
GKWWBAA00138	1352
GKWWBAA00138	1496
GKWWBAA00138	1502
GKWWBAA00138	1513
GKWWBAA00138	1639
GKWWBAA00138	1717
GKWWBAA00138	5476
GKWWBAA00138	13373
GKWWBAA00138	28090
GKWWBAA00138	28450
GKWWBAA00138	28901
GKWWBAA00138	29466
GKWWBAA00138	39950
GKWWBAA00138	40324
GKWWBAA00138	43675
GKWWBAA00138	48296
GKWWBAA00138	54291
GKWWBAA00138	106654
GKWWBAA00138	244366
GKWWBAA00138	1117645
GKWWBAA00138	1463165
GKWWBAA00139	197
GKWWBAA00139	287
GKWWBAA00139	487
GKWWBAA00139	546
GKWWBAA00139	548
GKWWBAA00139	550
GKWWBAA00139	562
GKWWBAA00139	571
GKWWBAA00139	573
GKWWBAA00139	582
GKWWBAA00139	623
GKWWBAA00139	644
GKWWBAA00139	648
GKWWBAA00139	654
GKWWBAA00139	666
GKWWBAA00139	727
GKWWBAA00139	747
GKWWBAA00139	817
GKWWBAA00139	1276
GKWWBAA00139	1280
GKWWBAA00139	1311
GKWWBAA00139	1313
GKWWBAA00139	1314
GKWWBAA00139	1352
GKWWBAA00139	1496
GKWWBAA00139	1502
GKWWBAA00139	1639
GKWWBAA00139	1766
GKWWBAA00139	1774
GKWWBAA00139	13373
GKWWBAA00139	28132
GKWWBAA00139	28450
GKWWBAA00139	28901
GKWWBAA00139	29466
GKWWBAA00139	32002
GKWWBAA00139	35814
GKWWBAA00139	40324
GKWWBAA00139	54291
GKWWBAA00139	57704
GKWWBAA00139	199306
GKWWBAA00139	1463165
GKWWBAA00140	287
GKWWBAA00140	294
GKWWBAA00140	446
GKWWBAA00140	470
GKWWBAA00140	485
GKWWBAA00140	519
GKWWBAA00140	546
GKWWBAA00140	562
GKWWBAA00140	573
GKWWBAA00140	615
GKWWBAA00140	622
GKWWBAA00140	623
GKWWBAA00140	644
GKWWBAA00140	646
GKWWBAA00140	648
GKWWBAA00140	654
GKWWBAA00140	666
GKWWBAA00140	729
GKWWBAA00140	817
GKWWBAA00140	1260
GKWWBAA00140	1496
GKWWBAA00140	1502
GKWWBAA00140	1513
GKWWBAA00140	1717
GKWWBAA00140	1766
GKWWBAA00140	1774
GKWWBAA00140	5476
GKWWBAA00140	13373
GKWWBAA00140	13689
GKWWBAA00140	28450
GKWWBAA00140	28901
GKWWBAA00140	29466
GKWWBAA00140	36809
GKWWBAA00140	40324
GKWWBAA00140	43675
GKWWBAA00140	48296
GKWWBAA00140	57704
GKWWBAA00140	80866
GKWWBAA00140	106654
GKWWBAA00140	1117645
GKWWBAA00141	195
GKWWBAA00141	197
GKWWBAA00141	287
GKWWBAA00141	470
GKWWBAA00141	519
GKWWBAA00141	546
GKWWBAA00141	548
GKWWBAA00141	562
GKWWBAA00141	571
GKWWBAA00141	573
GKWWBAA00141	582
GKWWBAA00141	615
GKWWBAA00141	623
GKWWBAA00141	644
GKWWBAA00141	648
GKWWBAA00141	654
GKWWBAA00141	666
GKWWBAA00141	729
GKWWBAA00141	817
GKWWBAA00141	1260
GKWWBAA00141	1280
GKWWBAA00141	1313
GKWWBAA00141	1314
GKWWBAA00141	1338
GKWWBAA00141	1352
GKWWBAA00141	1496
GKWWBAA00141	1502
GKWWBAA00141	1513
GKWWBAA00141	1639
GKWWBAA00141	1766
GKWWBAA00141	1774
GKWWBAA00141	13373
GKWWBAA00141	28450
GKWWBAA00141	28901
GKWWBAA00141	29466
GKWWBAA00141	33033
GKWWBAA00141	36809
GKWWBAA00141	39950
GKWWBAA00141	40324
GKWWBAA00141	43675
GKWWBAA00141	57704
GKWWBAA00141	80866
GKWWBAA00141	83262
GKWWBAA00141	106654
GKWWBAA00142	197
GKWWBAA00142	287
GKWWBAA00142	485
GKWWBAA00142	519
GKWWBAA00142	520
GKWWBAA00142	573
GKWWBAA00142	615
GKWWBAA00142	623
GKWWBAA00142	646
GKWWBAA00142	648
GKWWBAA00142	666
GKWWBAA00142	726
GKWWBAA00142	729
GKWWBAA00142	777
GKWWBAA00142	1280
GKWWBAA00142	1313
GKWWBAA00142	1496
GKWWBAA00142	1502
GKWWBAA00142	5763
GKWWBAA00142	13373
GKWWBAA00142	28132
GKWWBAA00142	28450
GKWWBAA00142	28901
GKWWBAA00142	29466
GKWWBAA00142	39950
GKWWBAA00142	40324
GKWWBAA00142	57704
GKWWBAA00142	1463165
GKWWBAA00143	287
GKWWBAA00143	446
GKWWBAA00143	470
GKWWBAA00143	487
GKWWBAA00143	546
GKWWBAA00143	562
GKWWBAA00143	573
GKWWBAA00143	582
GKWWBAA00143	615
GKWWBAA00143	622
GKWWBAA00143	644
GKWWBAA00143	646
GKWWBAA00143	648
GKWWBAA00143	654
GKWWBAA00143	666
GKWWBAA00143	727
GKWWBAA00143	729
GKWWBAA00143	747
GKWWBAA00143	817
GKWWBAA00143	1311
GKWWBAA00143	1313
GKWWBAA00143	1352
GKWWBAA00143	1496
GKWWBAA00143	1502
GKWWBAA00143	1513
GKWWBAA00143	1639
GKWWBAA00143	5476
GKWWBAA00143	13373
GKWWBAA00143	28450
GKWWBAA00143	28901
GKWWBAA00143	39950
GKWWBAA00143	40324
GKWWBAA00143	54291
GKWWBAA00143	1463165
GKWWBAA00144	210
GKWWBAA00144	287
GKWWBAA00144	470
GKWWBAA00144	648
GKWWBAA00144	729
GKWWBAA00144	817
GKWWBAA00144	1313
GKWWBAA00144	1496
GKWWBAA00144	1766
GKWWBAA00144	13373
GKWWBAA00144	28450
GKWWBAA00144	28901
GKWWBAA00144	32002
GKWWBAA00144	57704
GKWWBAA00145	24
GKWWBAA00145	287
GKWWBAA00145	470
GKWWBAA00145	519
GKWWBAA00145	546
GKWWBAA00145	562
GKWWBAA00145	573
GKWWBAA00145	582
GKWWBAA00145	615
GKWWBAA00145	623
GKWWBAA00145	644
GKWWBAA00145	646
GKWWBAA00145	648
GKWWBAA00145	654
GKWWBAA00145	666
GKWWBAA00145	729
GKWWBAA00145	747
GKWWBAA00145	817
GKWWBAA00145	1311
GKWWBAA00145	1313
GKWWBAA00145	1338
GKWWBAA00145	1352
GKWWBAA00145	1496
GKWWBAA00145	1502
GKWWBAA00145	1513
GKWWBAA00145	1639
GKWWBAA00145	1774
GKWWBAA00145	13373
GKWWBAA00145	28090
GKWWBAA00145	28450
GKWWBAA00145	28901
GKWWBAA00145	29466
GKWWBAA00145	36809
GKWWBAA00145	39950
GKWWBAA00145	40324
GKWWBAA00145	43675
GKWWBAA00145	48296
GKWWBAA00145	57704
GKWWBAA00145	80866
GKWWBAA00145	83262
GKWWBAA00145	1463165
GKWWBAA00146	199
GKWWBAA00146	287
GKWWBAA00146	487
GKWWBAA00146	519
GKWWBAA00146	520
GKWWBAA00146	546
GKWWBAA00146	548
GKWWBAA00146	562
GKWWBAA00146	573
GKWWBAA00146	582
GKWWBAA00146	584
GKWWBAA00146	615
GKWWBAA00146	622
GKWWBAA00146	623
GKWWBAA00146	624
GKWWBAA00146	644
GKWWBAA00146	646
GKWWBAA00146	648
GKWWBAA00146	654
GKWWBAA00146	666
GKWWBAA00146	727
GKWWBAA00146	729
GKWWBAA00146	747
GKWWBAA00146	817
GKWWBAA00146	1017
GKWWBAA00146	1260
GKWWBAA00146	1276
GKWWBAA00146	1311
GKWWBAA00146	1313
GKWWBAA00146	1314
GKWWBAA00146	1338
GKWWBAA00146	1352
GKWWBAA00146	1392
GKWWBAA00146	1496
GKWWBAA00146	1502
GKWWBAA00146	1639
GKWWBAA00146	5476
GKWWBAA00146	13373
GKWWBAA00146	13689
GKWWBAA00146	28037
GKWWBAA00146	28131
GKWWBAA00146	28132
GKWWBAA00146	28450
GKWWBAA00146	28901
GKWWBAA00146	29466
GKWWBAA00146	39950
GKWWBAA00146	40324
GKWWBAA00146	43675
GKWWBAA00146	85698
GKWWBAA00146	1117645
GKWWBAA00146	1463165
GKWWBAA00148	197
GKWWBAA00148	287
GKWWBAA00148	487
GKWWBAA00148	519
GKWWBAA00148	520
GKWWBAA00148	546
GKWWBAA00148	548
GKWWBAA00148	550
GKWWBAA00148	562
GKWWBAA00148	571
GKWWBAA00148	573
GKWWBAA00148	582
GKWWBAA00148	622
GKWWBAA00148	623
GKWWBAA00148	632
GKWWBAA00148	644
GKWWBAA00148	648
GKWWBAA00148	654
GKWWBAA00148	666
GKWWBAA00148	747
GKWWBAA00148	1276
GKWWBAA00148	1280
GKWWBAA00148	1313
GKWWBAA00148	1392
GKWWBAA00148	1491
GKWWBAA00148	1496
GKWWBAA00148	1502
GKWWBAA00148	1639
GKWWBAA00148	1766
GKWWBAA00148	1773
GKWWBAA00148	5476
GKWWBAA00148	13373
GKWWBAA00148	28450
GKWWBAA00148	28901
GKWWBAA00148	32002
GKWWBAA00148	35814
GKWWBAA00148	244366
GKWWBAA00148	1463165
GKWWBAA00149	287
GKWWBAA00149	446
GKWWBAA00149	487
GKWWBAA00149	546
GKWWBAA00149	548
GKWWBAA00149	550
GKWWBAA00149	562
GKWWBAA00149	571
GKWWBAA00149	573
GKWWBAA00149	582
GKWWBAA00149	644
GKWWBAA00149	648
GKWWBAA00149	654
GKWWBAA00149	666
GKWWBAA00149	729
GKWWBAA00149	817
GKWWBAA00149	1276
GKWWBAA00149	1280
GKWWBAA00149	1311
GKWWBAA00149	1313
GKWWBAA00149	1352
GKWWBAA00149	1496
GKWWBAA00149	1502
GKWWBAA00149	1766
GKWWBAA00149	5476
GKWWBAA00149	13373
GKWWBAA00149	28450
GKWWBAA00149	28901
GKWWBAA00149	29466
GKWWBAA00149	32002
GKWWBAA00149	40324
GKWWBAA00149	43675
GKWWBAA00149	54291
GKWWBAA00149	106654
GKWWBAA00149	244366
GKWWBAA00149	1117645
GKWWBAA00149	1463165
GKWWBAA00150	287
GKWWBAA00150	470
GKWWBAA00150	519
GKWWBAA00150	546
GKWWBAA00150	548
GKWWBAA00150	550
GKWWBAA00150	562
GKWWBAA00150	571
GKWWBAA00150	573
GKWWBAA00150	575
GKWWBAA00150	582
GKWWBAA00150	615
GKWWBAA00150	644
GKWWBAA00150	646
GKWWBAA00150	648
GKWWBAA00150	654
GKWWBAA00150	666
GKWWBAA00150	727
GKWWBAA00150	729
GKWWBAA00150	817
GKWWBAA00150	1311
GKWWBAA00150	1313
GKWWBAA00150	1314
GKWWBAA00150	1352
GKWWBAA00150	1496
GKWWBAA00150	1502
GKWWBAA00150	1513
GKWWBAA00150	1639
GKWWBAA00150	1766
GKWWBAA00150	13689
GKWWBAA00150	28132
GKWWBAA00150	28450
GKWWBAA00150	28901
GKWWBAA00150	29466
GKWWBAA00150	40324
GKWWBAA00150	43675
GKWWBAA00150	43770
GKWWBAA00150	48296
GKWWBAA00150	54291
GKWWBAA00150	57704
GKWWBAA00150	106654
GKWWBAA00150	244366
GKWWBAA00150	1117645
GKWWBAA00150	1463165
GKWWBAA00152	238
GKWWBAA00152	287
GKWWBAA00152	546
GKWWBAA00152	548
GKWWBAA00152	550
GKWWBAA00152	562
GKWWBAA00152	571
GKWWBAA00152	573
GKWWBAA00152	582
GKWWBAA00152	584
GKWWBAA00152	623
GKWWBAA00152	644
GKWWBAA00152	648
GKWWBAA00152	654
GKWWBAA00152	666
GKWWBAA00152	817
GKWWBAA00152	1313
GKWWBAA00152	1352
GKWWBAA00152	1496
GKWWBAA00152	1766
GKWWBAA00152	28901
GKWWBAA00152	29466
GKWWBAA00152	40324
GKWWBAA00152	43675
GKWWBAA00152	54291
GKWWBAA00152	106654
GKWWBAA00152	244366
GKWWBAA00152	1463165
GKWWBAA00153	287
GKWWBAA00153	470
GKWWBAA00153	519
GKWWBAA00153	546
GKWWBAA00153	562
GKWWBAA00153	571
GKWWBAA00153	573
GKWWBAA00153	582
GKWWBAA00153	615
GKWWBAA00153	623
GKWWBAA00153	644
GKWWBAA00153	646
GKWWBAA00153	648
GKWWBAA00153	654
GKWWBAA00153	666
GKWWBAA00153	729
GKWWBAA00153	747
GKWWBAA00153	817
GKWWBAA00153	1313
GKWWBAA00153	1352
GKWWBAA00153	1496
GKWWBAA00153	1502
GKWWBAA00153	1774
GKWWBAA00153	5476
GKWWBAA00153	28901
GKWWBAA00153	29466
GKWWBAA00153	36809
GKWWBAA00153	39950
GKWWBAA00153	40324
GKWWBAA00153	43675
GKWWBAA00153	48296
GKWWBAA00153	57704
GKWWBAA00153	80866
GKWWBAA00153	106654
GKWWBAA00153	1117645
GKWWBAA00153	1463165
GKWWBAA00154	287
GKWWBAA00154	562
GKWWBAA00154	573
GKWWBAA00154	582
GKWWBAA00154	615
GKWWBAA00154	621
GKWWBAA00154	623
GKWWBAA00154	644
GKWWBAA00154	646
GKWWBAA00154	648
GKWWBAA00154	654
GKWWBAA00154	729
GKWWBAA00154	747
GKWWBAA00154	1017
GKWWBAA00154	1261
GKWWBAA00154	1313
GKWWBAA00154	1496
GKWWBAA00154	5763
GKWWBAA00154	13373
GKWWBAA00154	13689
GKWWBAA00154	28450
GKWWBAA00154	28901
GKWWBAA00154	29466
GKWWBAA00154	40324
GKWWBAA00154	43675
GKWWBAA00154	57704
GKWWBAA00154	106654
GKWWBAA00154	1117645
GKWWBAA00154	1463165
GKWWBAA00155	197
GKWWBAA00155	287
GKWWBAA00155	470
GKWWBAA00155	519
GKWWBAA00155	546
GKWWBAA00155	562
GKWWBAA00155	573
GKWWBAA00155	582
GKWWBAA00155	615
GKWWBAA00155	644
GKWWBAA00155	646
GKWWBAA00155	648
GKWWBAA00155	654
GKWWBAA00155	729
GKWWBAA00155	817
GKWWBAA00155	1311
GKWWBAA00155	1352
GKWWBAA00155	1496
GKWWBAA00155	1502
GKWWBAA00155	1774
GKWWBAA00155	13373
GKWWBAA00155	28450
GKWWBAA00155	28901
GKWWBAA00155	32002
GKWWBAA00155	36809
GKWWBAA00155	40324
GKWWBAA00155	85698
GKWWBAA00155	1463165
GKWWBAA00156	287
GKWWBAA00156	446
GKWWBAA00156	470
GKWWBAA00156	562
GKWWBAA00156	573
GKWWBAA00156	615
GKWWBAA00156	644
GKWWBAA00156	648
GKWWBAA00156	654
GKWWBAA00156	666
GKWWBAA00156	729
GKWWBAA00156	817
GKWWBAA00156	1352
GKWWBAA00156	1496
GKWWBAA00156	1502
GKWWBAA00156	1639
GKWWBAA00156	1766
GKWWBAA00156	1774
GKWWBAA00156	13373
GKWWBAA00156	28090
GKWWBAA00156	36809
GKWWBAA00156	40324
GKWWBAA00156	48296
GKWWBAA00156	80866
GKWWBAA00156	83262
GKWWBAA00156	106654
GKWWBAA00156	1117645
GKWWBAA00157	197
GKWWBAA00157	287
GKWWBAA00157	470
GKWWBAA00157	485
GKWWBAA00157	487
GKWWBAA00157	519
GKWWBAA00157	562
GKWWBAA00157	571
GKWWBAA00157	573
GKWWBAA00157	582
GKWWBAA00157	622
GKWWBAA00157	623
GKWWBAA00157	644
GKWWBAA00157	648
GKWWBAA00157	654
GKWWBAA00157	666
GKWWBAA00157	729
GKWWBAA00157	747
GKWWBAA00157	817
GKWWBAA00157	1260
GKWWBAA00157	1280
GKWWBAA00157	1313
GKWWBAA00157	1314
GKWWBAA00157	1352
GKWWBAA00157	1392
GKWWBAA00157	1491
GKWWBAA00157	1496
GKWWBAA00157	1502
GKWWBAA00157	1513
GKWWBAA00157	1639
GKWWBAA00157	13373
GKWWBAA00157	28090
GKWWBAA00157	28450
GKWWBAA00157	28901
GKWWBAA00157	29466
GKWWBAA00157	35814
GKWWBAA00157	40324
GKWWBAA00157	43675
GKWWBAA00157	48296
GKWWBAA00157	80866
GKWWBAA00159	287
GKWWBAA00159	446
GKWWBAA00159	470
GKWWBAA00159	562
GKWWBAA00159	573
GKWWBAA00159	615
GKWWBAA00159	644
GKWWBAA00159	646
GKWWBAA00159	648
GKWWBAA00159	654
GKWWBAA00159	726
GKWWBAA00159	729
GKWWBAA00159	817
GKWWBAA00159	1260
GKWWBAA00159	1313
GKWWBAA00159	1352
GKWWBAA00159	1379
GKWWBAA00159	1496
GKWWBAA00159	1502
GKWWBAA00159	1774
GKWWBAA00159	13373
GKWWBAA00159	13689
GKWWBAA00159	28132
GKWWBAA00159	28901
GKWWBAA00159	29391
GKWWBAA00159	29466
GKWWBAA00159	39950
GKWWBAA00159	40324
GKWWBAA00159	43675
GKWWBAA00159	57704
GKWWBAA00159	80866
GKWWBAA00159	106654
GKWWBAA00159	1117645
GKWWBAA00159	1463165
GKWWBAA00160	287
GKWWBAA00160	470
GKWWBAA00160	546
GKWWBAA00160	548
GKWWBAA00160	562
GKWWBAA00160	571
GKWWBAA00160	573
GKWWBAA00160	582
GKWWBAA00160	615
GKWWBAA00160	644
GKWWBAA00160	646
GKWWBAA00160	648
GKWWBAA00160	654
GKWWBAA00160	666
GKWWBAA00160	729
GKWWBAA00160	817
GKWWBAA00160	1311
GKWWBAA00160	1313
GKWWBAA00160	1352
GKWWBAA00160	1379
GKWWBAA00160	1496
GKWWBAA00160	1502
GKWWBAA00160	1513
GKWWBAA00160	13373
GKWWBAA00160	13689
GKWWBAA00160	28132
GKWWBAA00160	28450
GKWWBAA00160	28901
GKWWBAA00160	29466
GKWWBAA00160	40324
GKWWBAA00160	43675
GKWWBAA00160	54291
GKWWBAA00160	80866
GKWWBAA00160	85698
GKWWBAA00160	106654
GKWWBAA00160	244366
GKWWBAA00160	1117645
GKWWBAA00160	1463165
GKWWBAA00161	197
GKWWBAA00161	210
GKWWBAA00161	287
GKWWBAA00161	487
GKWWBAA00161	519
GKWWBAA00161	520
GKWWBAA00161	550
GKWWBAA00161	573
GKWWBAA00161	582
GKWWBAA00161	623
GKWWBAA00161	644
GKWWBAA00161	646
GKWWBAA00161	648
GKWWBAA00161	654
GKWWBAA00161	666
GKWWBAA00161	727
GKWWBAA00161	729
GKWWBAA00161	747
GKWWBAA00161	817
GKWWBAA00161	1276
GKWWBAA00161	1313
GKWWBAA00161	1352
GKWWBAA00161	1496
GKWWBAA00161	1502
GKWWBAA00161	1639
GKWWBAA00161	1717
GKWWBAA00161	13373
GKWWBAA00161	28901
GKWWBAA00161	29466
GKWWBAA00161	32002
GKWWBAA00161	40324
GKWWBAA00161	43675
GKWWBAA00161	1117645
GKWWBAA00161	1463165
GKWWBAA00162	210
GKWWBAA00162	263
GKWWBAA00162	287
GKWWBAA00162	446
GKWWBAA00162	450
GKWWBAA00162	451
GKWWBAA00162	470
GKWWBAA00162	487
GKWWBAA00162	519
GKWWBAA00162	562
GKWWBAA00162	573
GKWWBAA00162	615
GKWWBAA00162	623
GKWWBAA00162	644
GKWWBAA00162	648
GKWWBAA00162	654
GKWWBAA00162	666
GKWWBAA00162	729
GKWWBAA00162	817
GKWWBAA00162	1352
GKWWBAA00162	1392
GKWWBAA00162	1496
GKWWBAA00162	1502
GKWWBAA00162	1639
GKWWBAA00162	1766
GKWWBAA00162	1774
GKWWBAA00162	13373
GKWWBAA00162	28090
GKWWBAA00162	28450
GKWWBAA00162	28901
GKWWBAA00162	32002
GKWWBAA00162	36809
GKWWBAA00162	40324
GKWWBAA00162	48296
GKWWBAA00162	57704
GKWWBAA00162	80866
GKWWBAA00162	83262
GKWWBAA00162	106654
GKWWBAA00162	249188
GKWWBAA00162	1117645
GKWWBAA00163	197
GKWWBAA00163	287
GKWWBAA00163	470
GKWWBAA00163	485
GKWWBAA00163	519
GKWWBAA00163	546
GKWWBAA00163	548
GKWWBAA00163	562
GKWWBAA00163	571
GKWWBAA00163	573
GKWWBAA00163	582
GKWWBAA00163	584
GKWWBAA00163	615
GKWWBAA00163	622
GKWWBAA00163	623
GKWWBAA00163	630
GKWWBAA00163	644
GKWWBAA00163	646
GKWWBAA00163	648
GKWWBAA00163	654
GKWWBAA00163	666
GKWWBAA00163	729
GKWWBAA00163	747
GKWWBAA00163	817
GKWWBAA00163	1260
GKWWBAA00163	1313
GKWWBAA00163	1314
GKWWBAA00163	1352
GKWWBAA00163	1496
GKWWBAA00163	1502
GKWWBAA00163	1513
GKWWBAA00163	1639
GKWWBAA00163	13373
GKWWBAA00163	28090
GKWWBAA00163	28450
GKWWBAA00163	28901
GKWWBAA00163	29466
GKWWBAA00163	35814
GKWWBAA00163	39950
GKWWBAA00163	40324
GKWWBAA00163	43675
GKWWBAA00163	48296
GKWWBAA00163	80866
GKWWBAA00163	83262
GKWWBAA00163	106654
GKWWBAA00163	1117645
GKWWBAA00163	1463165
GKWWBAA00164	287
GKWWBAA00164	485
GKWWBAA00164	487
GKWWBAA00164	488
GKWWBAA00164	520
GKWWBAA00164	545
GKWWBAA00164	546
GKWWBAA00164	562
GKWWBAA00164	573
GKWWBAA00164	582
GKWWBAA00164	584
GKWWBAA00164	615
GKWWBAA00164	621
GKWWBAA00164	623
GKWWBAA00164	644
GKWWBAA00164	646
GKWWBAA00164	648
GKWWBAA00164	654
GKWWBAA00164	666
GKWWBAA00164	726
GKWWBAA00164	729
GKWWBAA00164	1017
GKWWBAA00164	1260
GKWWBAA00164	1261
GKWWBAA00164	1313
GKWWBAA00164	1379
GKWWBAA00164	1496
GKWWBAA00164	1502
GKWWBAA00164	1513
GKWWBAA00164	1639
GKWWBAA00164	1655
GKWWBAA00164	5763
GKWWBAA00164	13373
GKWWBAA00164	13689
GKWWBAA00164	28131
GKWWBAA00164	28132
GKWWBAA00164	28450
GKWWBAA00164	28901
GKWWBAA00164	29466
GKWWBAA00164	35814
GKWWBAA00164	40324
GKWWBAA00164	43675
GKWWBAA00164	106654
GKWWBAA00164	1117645
GKWWBAA00164	1463165
GKWWBAA00165	287
GKWWBAA00165	546
GKWWBAA00165	562
GKWWBAA00165	573
GKWWBAA00165	582
GKWWBAA00165	584
GKWWBAA00165	615
GKWWBAA00165	621
GKWWBAA00165	623
GKWWBAA00165	644
GKWWBAA00165	646
GKWWBAA00165	648
GKWWBAA00165	654
GKWWBAA00165	666
GKWWBAA00165	729
GKWWBAA00165	817
GKWWBAA00165	1260
GKWWBAA00165	1338
GKWWBAA00165	1496
GKWWBAA00165	1502
GKWWBAA00165	1639
GKWWBAA00165	13373
GKWWBAA00165	13689
GKWWBAA00165	28132
GKWWBAA00165	28450
GKWWBAA00165	28901
GKWWBAA00165	29466
GKWWBAA00165	40324
GKWWBAA00165	43675
GKWWBAA00165	57704
GKWWBAA00165	106654
GKWWBAA00165	1117645
GKWWBAA00165	1463165
GKWWBAA00166	287
GKWWBAA00166	546
GKWWBAA00166	562
GKWWBAA00166	573
GKWWBAA00166	582
GKWWBAA00166	615
GKWWBAA00166	623
GKWWBAA00166	644
GKWWBAA00166	646
GKWWBAA00166	648
GKWWBAA00166	654
GKWWBAA00166	666
GKWWBAA00166	729
GKWWBAA00166	817
GKWWBAA00166	1313
GKWWBAA00166	1338
GKWWBAA00166	1352
GKWWBAA00166	1496
GKWWBAA00166	1502
GKWWBAA00166	1513
GKWWBAA00166	1639
GKWWBAA00166	1774
GKWWBAA00166	13373
GKWWBAA00166	13689
GKWWBAA00166	28037
GKWWBAA00166	28901
GKWWBAA00166	29391
GKWWBAA00166	29466
GKWWBAA00166	40324
GKWWBAA00166	43675
GKWWBAA00166	54291
GKWWBAA00166	85698
GKWWBAA00166	244366
GKWWBAA00166	1463165
GKWWBAA00167	197
GKWWBAA00167	287
GKWWBAA00167	446
GKWWBAA00167	470
GKWWBAA00167	485
GKWWBAA00167	519
GKWWBAA00167	520
GKWWBAA00167	546
GKWWBAA00167	562
GKWWBAA00167	571
GKWWBAA00167	573
GKWWBAA00167	582
GKWWBAA00167	615
GKWWBAA00167	644
GKWWBAA00167	646
GKWWBAA00167	648
GKWWBAA00167	654
GKWWBAA00167	666
GKWWBAA00167	727
GKWWBAA00167	729
GKWWBAA00167	813
GKWWBAA00167	817
GKWWBAA00167	1260
GKWWBAA00167	1280
GKWWBAA00167	1311
GKWWBAA00167	1313
GKWWBAA00167	1314
GKWWBAA00167	1352
GKWWBAA00167	1392
GKWWBAA00167	1496
GKWWBAA00167	1502
GKWWBAA00167	1513
GKWWBAA00167	1639
GKWWBAA00167	1774
GKWWBAA00167	13373
GKWWBAA00167	28090
GKWWBAA00167	28450
GKWWBAA00167	28901
GKWWBAA00167	29466
GKWWBAA00167	40324
GKWWBAA00167	43675
GKWWBAA00167	48296
GKWWBAA00167	80866
GKWWBAA00167	83262
GKWWBAA00167	1117645
GKWWBAA00167	1463165
GKWWBAA00168	287
GKWWBAA00168	446
GKWWBAA00168	470
GKWWBAA00168	546
GKWWBAA00168	562
GKWWBAA00168	573
GKWWBAA00168	615
GKWWBAA00168	644
GKWWBAA00168	648
GKWWBAA00168	654
GKWWBAA00168	729
GKWWBAA00168	817
GKWWBAA00168	1328
GKWWBAA00168	1352
GKWWBAA00168	1496
GKWWBAA00168	1766
GKWWBAA00168	1774
GKWWBAA00168	13373
GKWWBAA00168	13689
GKWWBAA00168	28901
GKWWBAA00168	32002
GKWWBAA00168	36809
GKWWBAA00168	40324
GKWWBAA00168	43675
GKWWBAA00168	48296
GKWWBAA00168	57704
GKWWBAA00168	80866
GKWWBAA00168	83262
GKWWBAA00168	85698
GKWWBAA00168	106654
GKWWBAA00168	1117645
GKWWBAA00168	1463165
GKWWBAA00169	195
GKWWBAA00169	197
GKWWBAA00169	287
GKWWBAA00169	470
GKWWBAA00169	546
GKWWBAA00169	548
GKWWBAA00169	550
GKWWBAA00169	562
GKWWBAA00169	571
GKWWBAA00169	573
GKWWBAA00169	582
GKWWBAA00169	615
GKWWBAA00169	632
GKWWBAA00169	644
GKWWBAA00169	648
GKWWBAA00169	654
GKWWBAA00169	666
GKWWBAA00169	727
GKWWBAA00169	729
GKWWBAA00169	747
GKWWBAA00169	817
GKWWBAA00169	1276
GKWWBAA00169	1313
GKWWBAA00169	1352
GKWWBAA00169	1496
GKWWBAA00169	1502
GKWWBAA00169	1639
GKWWBAA00169	1766
GKWWBAA00169	13373
GKWWBAA00169	28450
GKWWBAA00169	28901
GKWWBAA00169	29466
GKWWBAA00169	32002
GKWWBAA00169	40324
GKWWBAA00169	43675
GKWWBAA00169	48296
GKWWBAA00169	54291
GKWWBAA00169	106654
GKWWBAA00169	244366
GKWWBAA00169	1117645
GKWWBAA00169	1463165
GKWWBAA00170	197
GKWWBAA00170	199
GKWWBAA00170	287
GKWWBAA00170	294
GKWWBAA00170	450
GKWWBAA00170	470
GKWWBAA00170	519
GKWWBAA00170	546
GKWWBAA00170	562
GKWWBAA00170	571
GKWWBAA00170	573
GKWWBAA00170	582
GKWWBAA00170	584
GKWWBAA00170	615
GKWWBAA00170	644
GKWWBAA00170	646
GKWWBAA00170	648
GKWWBAA00170	654
GKWWBAA00170	726
GKWWBAA00170	727
GKWWBAA00170	729
GKWWBAA00170	784
GKWWBAA00170	817
GKWWBAA00170	1019
GKWWBAA00170	1260
GKWWBAA00170	1261
GKWWBAA00170	1311
GKWWBAA00170	1313
GKWWBAA00170	1314
GKWWBAA00170	1328
GKWWBAA00170	1338
GKWWBAA00170	1352
GKWWBAA00170	1496
GKWWBAA00170	1502
GKWWBAA00170	1639
GKWWBAA00170	1659
GKWWBAA00170	1766
GKWWBAA00170	5476
GKWWBAA00170	13689
GKWWBAA00170	28037
GKWWBAA00170	28082
GKWWBAA00170	28131
GKWWBAA00170	28132
GKWWBAA00170	28450
GKWWBAA00170	28901
GKWWBAA00170	29391
GKWWBAA00170	29394
GKWWBAA00170	29466
GKWWBAA00170	36809
GKWWBAA00170	38289
GKWWBAA00170	40324
GKWWBAA00170	43675
GKWWBAA00170	43770
GKWWBAA00170	48296
GKWWBAA00170	54291
GKWWBAA00170	57704
GKWWBAA00170	80866
GKWWBAA00170	85698
GKWWBAA00170	106654
GKWWBAA00170	1117645
GKWWBAA00170	1463165
GKWWBAA00171	287
GKWWBAA00171	470
GKWWBAA00171	487
GKWWBAA00171	546
GKWWBAA00171	562
GKWWBAA00171	571
GKWWBAA00171	573
GKWWBAA00171	582
GKWWBAA00171	584
GKWWBAA00171	615
GKWWBAA00171	623
GKWWBAA00171	644
GKWWBAA00171	646
GKWWBAA00171	648
GKWWBAA00171	654
GKWWBAA00171	729
GKWWBAA00171	747
GKWWBAA00171	817
GKWWBAA00171	1311
GKWWBAA00171	1313
GKWWBAA00171	1352
GKWWBAA00171	1496
GKWWBAA00171	1502
GKWWBAA00171	1513
GKWWBAA00171	28132
GKWWBAA00171	28901
GKWWBAA00171	29466
GKWWBAA00171	36809
GKWWBAA00171	39950
GKWWBAA00171	40324
GKWWBAA00171	43675
GKWWBAA00171	83262
GKWWBAA00171	1463165
GKWWBAA00172	197
GKWWBAA00172	287
GKWWBAA00172	446
GKWWBAA00172	519
GKWWBAA00172	573
GKWWBAA00172	729
GKWWBAA00172	747
GKWWBAA00172	817
GKWWBAA00172	1017
GKWWBAA00172	1260
GKWWBAA00172	1313
GKWWBAA00172	1338
GKWWBAA00172	1352
GKWWBAA00172	1496
GKWWBAA00172	1502
GKWWBAA00172	1774
GKWWBAA00172	13373
GKWWBAA00172	28450
GKWWBAA00172	28901
GKWWBAA00172	29466
GKWWBAA00172	40324
GKWWBAA00172	43675
GKWWBAA00172	134821
GKWWBAA00172	1117645
GKWWBAA00173	287
GKWWBAA00173	470
GKWWBAA00173	546
GKWWBAA00173	548
GKWWBAA00173	562
GKWWBAA00173	571
GKWWBAA00173	573
GKWWBAA00173	575
GKWWBAA00173	582
GKWWBAA00173	615
GKWWBAA00173	644
GKWWBAA00173	646
GKWWBAA00173	648
GKWWBAA00173	654
GKWWBAA00173	666
GKWWBAA00173	729
GKWWBAA00173	817
GKWWBAA00173	1311
GKWWBAA00173	1313
GKWWBAA00173	1314
GKWWBAA00173	1351
GKWWBAA00173	1352
GKWWBAA00173	1496
GKWWBAA00173	1502
GKWWBAA00173	1513
GKWWBAA00173	1639
GKWWBAA00173	5476
GKWWBAA00173	13689
GKWWBAA00173	28450
GKWWBAA00173	28901
GKWWBAA00173	29466
GKWWBAA00173	40324
GKWWBAA00173	43675
GKWWBAA00173	48296
GKWWBAA00173	54291
GKWWBAA00173	57704
GKWWBAA00173	80866
GKWWBAA00173	106654
GKWWBAA00173	244366
GKWWBAA00173	1117645
GKWWBAA00173	1463165
GKWWBAA00174	287
GKWWBAA00174	519
GKWWBAA00174	520
GKWWBAA00174	562
GKWWBAA00174	584
GKWWBAA00174	666
GKWWBAA00174	747
GKWWBAA00174	817
GKWWBAA00174	1280
GKWWBAA00174	1311
GKWWBAA00174	1313
GKWWBAA00174	1314
GKWWBAA00174	1496
GKWWBAA00174	1502
GKWWBAA00174	1639
GKWWBAA00174	1717
GKWWBAA00174	1766
GKWWBAA00174	1774
GKWWBAA00174	5763
GKWWBAA00174	13373
GKWWBAA00174	28450
GKWWBAA00174	28901
GKWWBAA00174	29466
GKWWBAA00174	36809
GKWWBAA00174	39950
GKWWBAA00174	40324
GKWWBAA00174	57704
GKWWBAA00175	287
GKWWBAA00175	470
GKWWBAA00175	546
GKWWBAA00175	562
GKWWBAA00175	573
GKWWBAA00175	582
GKWWBAA00175	615
GKWWBAA00175	644
GKWWBAA00175	646
GKWWBAA00175	648
GKWWBAA00175	654
GKWWBAA00175	729
GKWWBAA00175	747
GKWWBAA00175	817
GKWWBAA00175	1276
GKWWBAA00175	1313
GKWWBAA00175	1352
GKWWBAA00175	1496
GKWWBAA00175	1502
GKWWBAA00175	1774
GKWWBAA00175	28450
GKWWBAA00175	28901
GKWWBAA00175	29466
GKWWBAA00175	32002
GKWWBAA00175	40324
GKWWBAA00175	43675
GKWWBAA00175	57704
GKWWBAA00175	85698
GKWWBAA00175	106654
GKWWBAA00175	1117645
GKWWBAA00175	1463165
GKWWBAA00176	197
GKWWBAA00176	199
GKWWBAA00176	287
GKWWBAA00176	470
GKWWBAA00176	519
GKWWBAA00176	562
GKWWBAA00176	573
GKWWBAA00176	582
GKWWBAA00176	615
GKWWBAA00176	644
GKWWBAA00176	648
GKWWBAA00176	654
GKWWBAA00176	666
GKWWBAA00176	727
GKWWBAA00176	729
GKWWBAA00176	817
GKWWBAA00176	1311
GKWWBAA00176	1352
GKWWBAA00176	1392
GKWWBAA00176	1496
GKWWBAA00176	1502
GKWWBAA00176	1513
GKWWBAA00176	1639
GKWWBAA00176	1774
GKWWBAA00176	28090
GKWWBAA00176	28901
GKWWBAA00176	29466
GKWWBAA00176	36809
GKWWBAA00176	39950
GKWWBAA00176	40324
GKWWBAA00176	43675
GKWWBAA00176	48296
GKWWBAA00176	57704
GKWWBAA00176	80866
GKWWBAA00176	83262
GKWWBAA00176	106654
GKWWBAA00176	1117645
GKWWBAA00177	197
GKWWBAA00177	287
GKWWBAA00177	470
GKWWBAA00177	487
GKWWBAA00177	546
GKWWBAA00177	548
GKWWBAA00177	562
GKWWBAA00177	573
GKWWBAA00177	582
GKWWBAA00177	584
GKWWBAA00177	615
GKWWBAA00177	622
GKWWBAA00177	644
GKWWBAA00177	648
GKWWBAA00177	654
GKWWBAA00177	666
GKWWBAA00177	729
GKWWBAA00177	735
GKWWBAA00177	817
GKWWBAA00177	1260
GKWWBAA00177	1280
GKWWBAA00177	1311
GKWWBAA00177	1313
GKWWBAA00177	1352
GKWWBAA00177	1496
GKWWBAA00177	1502
GKWWBAA00177	1639
GKWWBAA00177	1766
GKWWBAA00177	1774
GKWWBAA00177	13373
GKWWBAA00177	13689
GKWWBAA00177	28132
GKWWBAA00177	28450
GKWWBAA00177	28901
GKWWBAA00177	29391
GKWWBAA00177	29466
GKWWBAA00177	33033
GKWWBAA00177	36809
GKWWBAA00177	39950
GKWWBAA00177	40324
GKWWBAA00177	48296
GKWWBAA00177	57704
GKWWBAA00177	80866
GKWWBAA00177	83262
GKWWBAA00177	106654
GKWWBAA00177	249188
GKWWBAA00177	1117645
GKWWBAA00178	197
GKWWBAA00178	287
GKWWBAA00178	485
GKWWBAA00178	487
GKWWBAA00178	520
GKWWBAA00178	546
GKWWBAA00178	548
GKWWBAA00178	550
GKWWBAA00178	562
GKWWBAA00178	573
GKWWBAA00178	582
GKWWBAA00178	623
GKWWBAA00178	632
GKWWBAA00178	644
GKWWBAA00178	648
GKWWBAA00178	654
GKWWBAA00178	666
GKWWBAA00178	747
GKWWBAA00178	1276
GKWWBAA00178	1280
GKWWBAA00178	1311
GKWWBAA00178	1313
GKWWBAA00178	1496
GKWWBAA00178	1502
GKWWBAA00178	1766
GKWWBAA00178	1773
GKWWBAA00178	1774
GKWWBAA00178	13373
GKWWBAA00178	28450
GKWWBAA00178	28901
GKWWBAA00178	29459
GKWWBAA00178	35814
GKWWBAA00178	1463165
GKWWBAA00179	287
GKWWBAA00179	294
GKWWBAA00179	470
GKWWBAA00179	487
GKWWBAA00179	519
GKWWBAA00179	546
GKWWBAA00179	562
GKWWBAA00179	571
GKWWBAA00179	573
GKWWBAA00179	582
GKWWBAA00179	615
GKWWBAA00179	623
GKWWBAA00179	644
GKWWBAA00179	646
GKWWBAA00179	648
GKWWBAA00179	654
GKWWBAA00179	729
GKWWBAA00179	817
GKWWBAA00179	1017
GKWWBAA00179	1261
GKWWBAA00179	1311
GKWWBAA00179	1313
GKWWBAA00179	1328
GKWWBAA00179	1338
GKWWBAA00179	1352
GKWWBAA00179	1496
GKWWBAA00179	1502
GKWWBAA00179	1639
GKWWBAA00179	1655
GKWWBAA00179	1773
GKWWBAA00179	5476
GKWWBAA00179	28450
GKWWBAA00179	28901
GKWWBAA00179	29466
GKWWBAA00179	40324
GKWWBAA00179	43675
GKWWBAA00179	48296
GKWWBAA00179	80866
GKWWBAA00179	85698
GKWWBAA00179	106654
GKWWBAA00179	1117645
GKWWBAA00179	1463165
GKWWBAA00180	287
GKWWBAA00180	470
GKWWBAA00180	519
GKWWBAA00180	546
GKWWBAA00180	562
GKWWBAA00180	571
GKWWBAA00180	573
GKWWBAA00180	582
GKWWBAA00180	584
GKWWBAA00180	615
GKWWBAA00180	644
GKWWBAA00180	648
GKWWBAA00180	654
GKWWBAA00180	666
GKWWBAA00180	729
GKWWBAA00180	817
GKWWBAA00180	1260
GKWWBAA00180	1280
GKWWBAA00180	1311
GKWWBAA00180	1352
GKWWBAA00180	1496
GKWWBAA00180	1502
GKWWBAA00180	1513
GKWWBAA00180	1774
GKWWBAA00180	13373
GKWWBAA00180	28450
GKWWBAA00180	28901
GKWWBAA00180	29466
GKWWBAA00180	40324
GKWWBAA00180	43675
GKWWBAA00180	48296
GKWWBAA00180	57704
GKWWBAA00180	80866
GKWWBAA00180	83262
GKWWBAA00180	83655
GKWWBAA00180	106654
GKWWBAA00180	1463165
GKWWBAA00181	287
GKWWBAA00181	470
GKWWBAA00181	519
GKWWBAA00181	546
GKWWBAA00181	548
GKWWBAA00181	562
GKWWBAA00181	571
GKWWBAA00181	573
GKWWBAA00181	575
GKWWBAA00181	582
GKWWBAA00181	615
GKWWBAA00181	621
GKWWBAA00181	644
GKWWBAA00181	646
GKWWBAA00181	648
GKWWBAA00181	654
GKWWBAA00181	666
GKWWBAA00181	727
GKWWBAA00181	729
GKWWBAA00181	817
GKWWBAA00181	1260
GKWWBAA00181	1311
GKWWBAA00181	1313
GKWWBAA00181	1338
GKWWBAA00181	1352
GKWWBAA00181	1496
GKWWBAA00181	1502
GKWWBAA00181	1513
GKWWBAA00181	1639
GKWWBAA00181	5476
GKWWBAA00181	13689
GKWWBAA00181	28037
GKWWBAA00181	28131
GKWWBAA00181	28132
GKWWBAA00181	28450
GKWWBAA00181	28901
GKWWBAA00181	29466
GKWWBAA00181	40324
GKWWBAA00181	43675
GKWWBAA00181	48296
GKWWBAA00181	54291
GKWWBAA00181	80866
GKWWBAA00181	85698
GKWWBAA00181	106654
GKWWBAA00181	244366
GKWWBAA00181	1117645
GKWWBAA00181	1463165
GKWWBAA00182	199
GKWWBAA00182	287
GKWWBAA00182	485
GKWWBAA00182	520
GKWWBAA00182	582
GKWWBAA00182	644
GKWWBAA00182	654
GKWWBAA00182	666
GKWWBAA00182	729
GKWWBAA00182	817
GKWWBAA00182	1017
GKWWBAA00182	1280
GKWWBAA00182	1313
GKWWBAA00182	1338
GKWWBAA00182	1392
GKWWBAA00182	1496
GKWWBAA00182	1502
GKWWBAA00182	1639
GKWWBAA00182	1655
GKWWBAA00182	1659
GKWWBAA00182	1774
GKWWBAA00182	2718
GKWWBAA00182	5476
GKWWBAA00182	5763
GKWWBAA00182	13373
GKWWBAA00182	13689
GKWWBAA00182	28132
GKWWBAA00182	28450
GKWWBAA00182	29466
GKWWBAA00182	80866
GKWWBAA00182	106654
GKWWBAA00184	197
GKWWBAA00184	287
GKWWBAA00184	470
GKWWBAA00184	487
GKWWBAA00184	519
GKWWBAA00184	520
GKWWBAA00184	546
GKWWBAA00184	562
GKWWBAA00184	573
GKWWBAA00184	575
GKWWBAA00184	615
GKWWBAA00184	622
GKWWBAA00184	623
GKWWBAA00184	644
GKWWBAA00184	648
GKWWBAA00184	654
GKWWBAA00184	666
GKWWBAA00184	729
GKWWBAA00184	747
GKWWBAA00184	817
GKWWBAA00184	1280
GKWWBAA00184	1311
GKWWBAA00184	1314
GKWWBAA00184	1352
GKWWBAA00184	1392
GKWWBAA00184	1496
GKWWBAA00184	1502
GKWWBAA00184	1513
GKWWBAA00184	1774
GKWWBAA00184	5763
GKWWBAA00184	13373
GKWWBAA00184	28090
GKWWBAA00184	28450
GKWWBAA00184	28901
GKWWBAA00184	29466
GKWWBAA00184	39950
GKWWBAA00184	40324
GKWWBAA00184	43675
GKWWBAA00184	48296
GKWWBAA00184	54291
GKWWBAA00184	80866
GKWWBAA00184	83262
GKWWBAA00184	1463165
GKWWBAA00185	199
GKWWBAA00185	238
GKWWBAA00185	287
GKWWBAA00185	470
GKWWBAA00185	519
GKWWBAA00185	546
GKWWBAA00185	562
GKWWBAA00185	573
GKWWBAA00185	582
GKWWBAA00185	615
GKWWBAA00185	644
GKWWBAA00185	646
GKWWBAA00185	648
GKWWBAA00185	654
GKWWBAA00185	666
GKWWBAA00185	729
GKWWBAA00185	817
GKWWBAA00185	1260
GKWWBAA00185	1311
GKWWBAA00185	1313
GKWWBAA00185	1314
GKWWBAA00185	1338
GKWWBAA00185	1352
GKWWBAA00185	1496
GKWWBAA00185	1502
GKWWBAA00185	1513
GKWWBAA00185	1639
GKWWBAA00185	1774
GKWWBAA00185	13689
GKWWBAA00185	28450
GKWWBAA00185	28901
GKWWBAA00185	29466
GKWWBAA00185	32002
GKWWBAA00185	40324
GKWWBAA00185	43675
GKWWBAA00185	54291
GKWWBAA00185	80866
GKWWBAA00185	85698
GKWWBAA00185	106654
GKWWBAA00185	244366
GKWWBAA00185	1117645
GKWWBAA00185	1463165
GKWWBAA00186	287
GKWWBAA00186	485
GKWWBAA00186	546
GKWWBAA00186	562
GKWWBAA00186	573
GKWWBAA00186	582
GKWWBAA00186	615
GKWWBAA00186	621
GKWWBAA00186	644
GKWWBAA00186	646
GKWWBAA00186	648
GKWWBAA00186	654
GKWWBAA00186	726
GKWWBAA00186	729
GKWWBAA00186	747
GKWWBAA00186	817
GKWWBAA00186	1017
GKWWBAA00186	1019
GKWWBAA00186	1276
GKWWBAA00186	1311
GKWWBAA00186	1313
GKWWBAA00186	1314
GKWWBAA00186	1338
GKWWBAA00186	1352
GKWWBAA00186	1496
GKWWBAA00186	1639
GKWWBAA00186	1655
GKWWBAA00186	13373
GKWWBAA00186	13689
GKWWBAA00186	28132
GKWWBAA00186	28450
GKWWBAA00186	28901
GKWWBAA00186	29391
GKWWBAA00186	29466
GKWWBAA00186	40324
GKWWBAA00186	43675
GKWWBAA00186	80866
GKWWBAA00186	106654
GKWWBAA00186	1117645
GKWWBAA00186	1463165
GKWWBAA00188	287
GKWWBAA00188	294
GKWWBAA00188	446
GKWWBAA00188	470
GKWWBAA00188	485
GKWWBAA00188	519
GKWWBAA00188	546
GKWWBAA00188	562
GKWWBAA00188	573
GKWWBAA00188	584
GKWWBAA00188	615
GKWWBAA00188	623
GKWWBAA00188	644
GKWWBAA00188	646
GKWWBAA00188	648
GKWWBAA00188	654
GKWWBAA00188	666
GKWWBAA00188	729
GKWWBAA00188	817
GKWWBAA00188	1260
GKWWBAA00188	1261
GKWWBAA00188	1311
GKWWBAA00188	1313
GKWWBAA00188	1352
GKWWBAA00188	1496
GKWWBAA00188	1502
GKWWBAA00188	1774
GKWWBAA00188	5476
GKWWBAA00188	13373
GKWWBAA00188	28450
GKWWBAA00188	28901
GKWWBAA00188	29466
GKWWBAA00188	32002
GKWWBAA00188	40324
GKWWBAA00188	43675
GKWWBAA00188	43770
GKWWBAA00188	48296
GKWWBAA00188	80866
GKWWBAA00188	85698
GKWWBAA00188	106654
GKWWBAA00188	1117645
GKWWBAA00188	1463165
GKWWBAA00189	287
GKWWBAA00189	294
GKWWBAA00189	446
GKWWBAA00189	470
GKWWBAA00189	519
GKWWBAA00189	520
GKWWBAA00189	546
GKWWBAA00189	550
GKWWBAA00189	562
GKWWBAA00189	571
GKWWBAA00189	573
GKWWBAA00189	582
GKWWBAA00189	615
GKWWBAA00189	621
GKWWBAA00189	644
GKWWBAA00189	646
GKWWBAA00189	648
GKWWBAA00189	654
GKWWBAA00189	666
GKWWBAA00189	729
GKWWBAA00189	817
GKWWBAA00189	1260
GKWWBAA00189	1311
GKWWBAA00189	1313
GKWWBAA00189	1314
GKWWBAA00189	1352
GKWWBAA00189	1496
GKWWBAA00189	1502
GKWWBAA00189	1717
GKWWBAA00189	1766
GKWWBAA00189	5476
GKWWBAA00189	13373
GKWWBAA00189	28132
GKWWBAA00189	28450
GKWWBAA00189	28901
GKWWBAA00189	29466
GKWWBAA00189	39950
GKWWBAA00189	40324
GKWWBAA00189	43675
GKWWBAA00189	48296
GKWWBAA00189	80866
GKWWBAA00189	85698
GKWWBAA00189	106654
GKWWBAA00189	1117645
GKWWBAA00189	1463165
GKWWBAA00190	287
GKWWBAA00190	470
GKWWBAA00190	519
GKWWBAA00190	562
GKWWBAA00190	571
GKWWBAA00190	622
GKWWBAA00190	644
GKWWBAA00190	648
GKWWBAA00190	654
GKWWBAA00190	666
GKWWBAA00190	747
GKWWBAA00190	817
GKWWBAA00190	1280
GKWWBAA00190	1311
GKWWBAA00190	1352
GKWWBAA00190	1392
GKWWBAA00190	1496
GKWWBAA00190	1502
GKWWBAA00190	1774
GKWWBAA00190	13373
GKWWBAA00190	28450
GKWWBAA00190	28901
GKWWBAA00190	29459
GKWWBAA00190	40324
GKWWBAA00190	57704
GKWWBAA00190	80866
GKWWBAA00190	83262
GKWWBAA00191	197
GKWWBAA00191	287
GKWWBAA00191	485
GKWWBAA00191	520
GKWWBAA00191	582
GKWWBAA00191	644
GKWWBAA00191	654
GKWWBAA00191	666
GKWWBAA00191	1491
GKWWBAA00191	1496
GKWWBAA00191	1502
GKWWBAA00191	13373
GKWWBAA00191	28450
GKWWBAA00191	28901
GKWWBAA00191	106654
GKWWBAA00192	287
GKWWBAA00192	470
GKWWBAA00192	546
GKWWBAA00192	548
GKWWBAA00192	562
GKWWBAA00192	571
GKWWBAA00192	573
GKWWBAA00192	575
GKWWBAA00192	582
GKWWBAA00192	615
GKWWBAA00192	644
GKWWBAA00192	646
GKWWBAA00192	648
GKWWBAA00192	654
GKWWBAA00192	666
GKWWBAA00192	727
GKWWBAA00192	729
GKWWBAA00192	817
GKWWBAA00192	1311
GKWWBAA00192	1313
GKWWBAA00192	1352
GKWWBAA00192	1496
GKWWBAA00192	1502
GKWWBAA00192	1513
GKWWBAA00192	1639
GKWWBAA00192	1774
GKWWBAA00192	5476
GKWWBAA00192	13689
GKWWBAA00192	28132
GKWWBAA00192	28450
GKWWBAA00192	28901
GKWWBAA00192	29466
GKWWBAA00192	40324
GKWWBAA00192	43675
GKWWBAA00192	54291
GKWWBAA00192	106654
GKWWBAA00192	244366
GKWWBAA00192	1117645
GKWWBAA00192	1463165
GKWWBAA00193	197
GKWWBAA00193	210
GKWWBAA00193	287
GKWWBAA00193	485
GKWWBAA00193	520
GKWWBAA00193	546
GKWWBAA00193	548
GKWWBAA00193	550
GKWWBAA00193	562
GKWWBAA00193	571
GKWWBAA00193	573
GKWWBAA00193	582
GKWWBAA00193	622
GKWWBAA00193	623
GKWWBAA00193	644
GKWWBAA00193	648
GKWWBAA00193	654
GKWWBAA00193	666
GKWWBAA00193	747
GKWWBAA00193	817
GKWWBAA00193	1276
GKWWBAA00193	1280
GKWWBAA00193	1313
GKWWBAA00193	1352
GKWWBAA00193	1496
GKWWBAA00193	1502
GKWWBAA00193	1513
GKWWBAA00193	1639
GKWWBAA00193	13373
GKWWBAA00193	28450
GKWWBAA00193	28901
GKWWBAA00193	29466
GKWWBAA00193	36809
GKWWBAA00193	244366
GKWWBAA00193	1463165
GKWWBAA00194	197
GKWWBAA00194	210
GKWWBAA00194	287
GKWWBAA00194	470
GKWWBAA00194	519
GKWWBAA00194	520
GKWWBAA00194	546
GKWWBAA00194	562
GKWWBAA00194	573
GKWWBAA00194	582
GKWWBAA00194	615
GKWWBAA00194	622
GKWWBAA00194	623
GKWWBAA00194	624
GKWWBAA00194	632
GKWWBAA00194	644
GKWWBAA00194	646
GKWWBAA00194	648
GKWWBAA00194	654
GKWWBAA00194	666
GKWWBAA00194	727
GKWWBAA00194	729
GKWWBAA00194	747
GKWWBAA00194	817
GKWWBAA00194	1260
GKWWBAA00194	1280
GKWWBAA00194	1311
GKWWBAA00194	1313
GKWWBAA00194	1352
GKWWBAA00194	1392
GKWWBAA00194	1496
GKWWBAA00194	1502
GKWWBAA00194	1717
GKWWBAA00194	1773
GKWWBAA00194	13373
GKWWBAA00194	28450
GKWWBAA00194	28901
GKWWBAA00194	40324
GKWWBAA00194	54291
GKWWBAA00194	244366
GKWWBAA00194	1463165
GKWWBAA00195	199
GKWWBAA00195	287
GKWWBAA00195	485
GKWWBAA00195	519
GKWWBAA00195	546
GKWWBAA00195	562
GKWWBAA00195	573
GKWWBAA00195	582
GKWWBAA00195	615
GKWWBAA00195	621
GKWWBAA00195	644
GKWWBAA00195	646
GKWWBAA00195	648
GKWWBAA00195	654
GKWWBAA00195	729
GKWWBAA00195	735
GKWWBAA00195	817
GKWWBAA00195	1017
GKWWBAA00195	1019
GKWWBAA00195	1261
GKWWBAA00195	1280
GKWWBAA00195	1311
GKWWBAA00195	1313
GKWWBAA00195	1338
GKWWBAA00195	1379
GKWWBAA00195	1496
GKWWBAA00195	1502
GKWWBAA00195	1655
GKWWBAA00195	13373
GKWWBAA00195	13689
GKWWBAA00195	28132
GKWWBAA00195	28450
GKWWBAA00195	28901
GKWWBAA00195	29466
GKWWBAA00195	40324
GKWWBAA00195	43675
GKWWBAA00195	84109
GKWWBAA00195	106654
GKWWBAA00195	327575
GKWWBAA00195	1117645
GKWWBAA00195	1463165
GKWWBAA00198	287
GKWWBAA00198	294
GKWWBAA00198	470
GKWWBAA00198	518
GKWWBAA00198	519
GKWWBAA00198	546
GKWWBAA00198	550
GKWWBAA00198	562
GKWWBAA00198	571
GKWWBAA00198	573
GKWWBAA00198	582
GKWWBAA00198	585
GKWWBAA00198	615
GKWWBAA00198	623
GKWWBAA00198	644
GKWWBAA00198	646
GKWWBAA00198	648
GKWWBAA00198	654
GKWWBAA00198	666
GKWWBAA00198	729
GKWWBAA00198	817
GKWWBAA00198	1313
GKWWBAA00198	1496
GKWWBAA00198	1502
GKWWBAA00198	1717
GKWWBAA00198	5476
GKWWBAA00198	28082
GKWWBAA00198	28450
GKWWBAA00198	28901
GKWWBAA00198	29466
GKWWBAA00198	40324
GKWWBAA00198	43675
GKWWBAA00198	48296
GKWWBAA00198	80866
GKWWBAA00198	106654
GKWWBAA00198	244366
GKWWBAA00198	1117645
GKWWBAA00198	1463165
GKWWBAA00199	197
GKWWBAA00199	210
GKWWBAA00199	287
GKWWBAA00199	485
GKWWBAA00199	520
GKWWBAA00199	546
GKWWBAA00199	548
GKWWBAA00199	550
GKWWBAA00199	562
GKWWBAA00199	573
GKWWBAA00199	582
GKWWBAA00199	622
GKWWBAA00199	623
GKWWBAA00199	644
GKWWBAA00199	648
GKWWBAA00199	654
GKWWBAA00199	666
GKWWBAA00199	727
GKWWBAA00199	729
GKWWBAA00199	747
GKWWBAA00199	1276
GKWWBAA00199	1280
GKWWBAA00199	1313
GKWWBAA00199	1392
GKWWBAA00199	1496
GKWWBAA00199	1502
GKWWBAA00199	1766
GKWWBAA00199	5763
GKWWBAA00199	13373
GKWWBAA00199	28450
GKWWBAA00199	28901
GKWWBAA00199	32002
GKWWBAA00199	1463165
GKWWBAA00200	199
GKWWBAA00200	287
GKWWBAA00200	470
GKWWBAA00200	519
GKWWBAA00200	546
GKWWBAA00200	548
GKWWBAA00200	562
GKWWBAA00200	571
GKWWBAA00200	573
GKWWBAA00200	582
GKWWBAA00200	584
GKWWBAA00200	615
GKWWBAA00200	644
GKWWBAA00200	648
GKWWBAA00200	654
GKWWBAA00200	729
GKWWBAA00200	732
GKWWBAA00200	817
GKWWBAA00200	1261
GKWWBAA00200	1311
GKWWBAA00200	1313
GKWWBAA00200	1314
GKWWBAA00200	1338
GKWWBAA00200	1351
GKWWBAA00200	1352
GKWWBAA00200	1496
GKWWBAA00200	1502
GKWWBAA00200	1513
GKWWBAA00200	1639
GKWWBAA00200	1655
GKWWBAA00200	28090
GKWWBAA00200	28132
GKWWBAA00200	28901
GKWWBAA00200	29391
GKWWBAA00200	29466
GKWWBAA00200	32002
GKWWBAA00200	33033
GKWWBAA00200	39950
GKWWBAA00200	40324
GKWWBAA00200	43675
GKWWBAA00200	48296
GKWWBAA00200	57704
GKWWBAA00200	80866
GKWWBAA00200	244366
GKWWBAA00201	24
GKWWBAA00201	210
GKWWBAA00201	287
GKWWBAA00201	470
GKWWBAA00201	519
GKWWBAA00201	520
GKWWBAA00201	546
GKWWBAA00201	562
GKWWBAA00201	571
GKWWBAA00201	573
GKWWBAA00201	582
GKWWBAA00201	584
GKWWBAA00201	615
GKWWBAA00201	644
GKWWBAA00201	646
GKWWBAA00201	648
GKWWBAA00201	654
GKWWBAA00201	666
GKWWBAA00201	729
GKWWBAA00201	747
GKWWBAA00201	817
GKWWBAA00201	1280
GKWWBAA00201	1338
GKWWBAA00201	1352
GKWWBAA00201	1491
GKWWBAA00201	1496
GKWWBAA00201	1502
GKWWBAA00201	1513
GKWWBAA00201	13373
GKWWBAA00201	28450
GKWWBAA00201	28901
GKWWBAA00201	29466
GKWWBAA00201	39950
GKWWBAA00201	40324
GKWWBAA00201	43675
GKWWBAA00201	48296
GKWWBAA00201	80866
GKWWBAA00201	106654
GKWWBAA00201	1463165
GKWWBAA00202	287
GKWWBAA00202	446
GKWWBAA00202	470
GKWWBAA00202	562
GKWWBAA00202	573
GKWWBAA00202	582
GKWWBAA00202	615
GKWWBAA00202	644
GKWWBAA00202	648
GKWWBAA00202	654
GKWWBAA00202	666
GKWWBAA00202	729
GKWWBAA00202	817
GKWWBAA00202	1352
GKWWBAA00202	1496
GKWWBAA00202	1639
GKWWBAA00202	1766
GKWWBAA00202	1774
GKWWBAA00202	13373
GKWWBAA00202	28090
GKWWBAA00202	28450
GKWWBAA00202	28901
GKWWBAA00202	29466
GKWWBAA00202	32002
GKWWBAA00202	36809
GKWWBAA00202	40324
GKWWBAA00202	48296
GKWWBAA00202	57704
GKWWBAA00202	80866
GKWWBAA00202	83262
GKWWBAA00202	106654
GKWWBAA00202	1117645
GKWWBAA00204	197
GKWWBAA00204	287
GKWWBAA00204	520
GKWWBAA00204	546
GKWWBAA00204	548
GKWWBAA00204	550
GKWWBAA00204	562
GKWWBAA00204	573
GKWWBAA00204	582
GKWWBAA00204	622
GKWWBAA00204	623
GKWWBAA00204	632
GKWWBAA00204	644
GKWWBAA00204	648
GKWWBAA00204	654
GKWWBAA00204	666
GKWWBAA00204	729
GKWWBAA00204	747
GKWWBAA00204	1280
GKWWBAA00204	1313
GKWWBAA00204	1496
GKWWBAA00204	1502
GKWWBAA00204	13373
GKWWBAA00204	28450
GKWWBAA00204	28901
GKWWBAA00204	32002
GKWWBAA00204	35814
GKWWBAA00204	54291
GKWWBAA00204	1463165
GKWWBAA00205	199
GKWWBAA00205	287
GKWWBAA00205	485
GKWWBAA00205	520
GKWWBAA00205	562
GKWWBAA00205	573
GKWWBAA00205	615
GKWWBAA00205	622
GKWWBAA00205	632
GKWWBAA00205	644
GKWWBAA00205	646
GKWWBAA00205	648
GKWWBAA00205	654
GKWWBAA00205	666
GKWWBAA00205	729
GKWWBAA00205	732
GKWWBAA00205	1280
GKWWBAA00205	1313
GKWWBAA00205	1338
GKWWBAA00205	1379
GKWWBAA00205	1496
GKWWBAA00205	1773
GKWWBAA00205	2718
GKWWBAA00205	13373
GKWWBAA00205	13689
GKWWBAA00205	28037
GKWWBAA00205	28131
GKWWBAA00205	28132
GKWWBAA00205	28450
GKWWBAA00205	28901
GKWWBAA00205	29459
GKWWBAA00205	29466
GKWWBAA00205	35814
GKWWBAA00205	40324
GKWWBAA00205	43675
GKWWBAA00205	106654
GKWWBAA00205	1463165
GKWWBAA00206	287
GKWWBAA00206	446
GKWWBAA00206	470
GKWWBAA00206	546
GKWWBAA00206	562
GKWWBAA00206	569
GKWWBAA00206	573
GKWWBAA00206	582
GKWWBAA00206	615
GKWWBAA00206	644
GKWWBAA00206	648
GKWWBAA00206	654
GKWWBAA00206	727
GKWWBAA00206	729
GKWWBAA00206	747
GKWWBAA00206	817
GKWWBAA00206	1260
GKWWBAA00206	1261
GKWWBAA00206	1311
GKWWBAA00206	1313
GKWWBAA00206	1314
GKWWBAA00206	1338
GKWWBAA00206	1352
GKWWBAA00206	1496
GKWWBAA00206	1502
GKWWBAA00206	1774
GKWWBAA00206	5476
GKWWBAA00206	28132
GKWWBAA00206	28450
GKWWBAA00206	28901
GKWWBAA00206	29466
GKWWBAA00206	39950
GKWWBAA00206	40324
GKWWBAA00206	43675
GKWWBAA00206	43770
GKWWBAA00206	48296
GKWWBAA00206	80866
GKWWBAA00206	85698
GKWWBAA00206	106654
GKWWBAA00206	134821
GKWWBAA00206	1117645
GKWWBAA00206	1463165
GKWWBAA00207	287
GKWWBAA00207	470
GKWWBAA00207	519
GKWWBAA00207	520
GKWWBAA00207	573
GKWWBAA00207	644
GKWWBAA00207	666
GKWWBAA00207	727
GKWWBAA00207	729
GKWWBAA00207	784
GKWWBAA00207	817
GKWWBAA00207	1260
GKWWBAA00207	1280
GKWWBAA00207	1311
GKWWBAA00207	1313
GKWWBAA00207	1314
GKWWBAA00207	1352
GKWWBAA00207	1496
GKWWBAA00207	1502
GKWWBAA00207	1639
GKWWBAA00207	1774
GKWWBAA00207	13373
GKWWBAA00207	28450
GKWWBAA00207	28901
GKWWBAA00207	35814
GKWWBAA00207	36809
GKWWBAA00207	40324
GKWWBAA00208	199
GKWWBAA00208	287
GKWWBAA00208	488
GKWWBAA00208	519
GKWWBAA00208	546
GKWWBAA00208	562
GKWWBAA00208	573
GKWWBAA00208	582
GKWWBAA00208	615
GKWWBAA00208	644
GKWWBAA00208	646
GKWWBAA00208	648
GKWWBAA00208	654
GKWWBAA00208	666
GKWWBAA00208	729
GKWWBAA00208	817
GKWWBAA00208	1017
GKWWBAA00208	1313
GKWWBAA00208	1328
GKWWBAA00208	1379
GKWWBAA00208	1496
GKWWBAA00208	1502
GKWWBAA00208	1639
GKWWBAA00208	5476
GKWWBAA00208	5763
GKWWBAA00208	13373
GKWWBAA00208	13689
GKWWBAA00208	28132
GKWWBAA00208	28450
GKWWBAA00208	28901
GKWWBAA00208	29466
GKWWBAA00208	39950
GKWWBAA00208	40324
GKWWBAA00208	43675
GKWWBAA00208	80866
GKWWBAA00208	85698
GKWWBAA00208	106654
GKWWBAA00208	1117645
GKWWBAA00208	1463165
GKWWBAA00209	287
GKWWBAA00209	519
GKWWBAA00209	520
GKWWBAA00209	546
GKWWBAA00209	548
GKWWBAA00209	550
GKWWBAA00209	562
GKWWBAA00209	571
GKWWBAA00209	573
GKWWBAA00209	582
GKWWBAA00209	584
GKWWBAA00209	622
GKWWBAA00209	623
GKWWBAA00209	632
GKWWBAA00209	644
GKWWBAA00209	648
GKWWBAA00209	654
GKWWBAA00209	666
GKWWBAA00209	727
GKWWBAA00209	747
GKWWBAA00209	817
GKWWBAA00209	1276
GKWWBAA00209	1313
GKWWBAA00209	1352
GKWWBAA00209	1496
GKWWBAA00209	1502
GKWWBAA00209	1639
GKWWBAA00209	5763
GKWWBAA00209	13373
GKWWBAA00209	28450
GKWWBAA00209	28901
GKWWBAA00209	35814
GKWWBAA00209	43675
GKWWBAA00209	54291
GKWWBAA00209	244366
GKWWBAA00209	1463165
GKWWBAA00210	287
GKWWBAA00210	470
GKWWBAA00210	487
GKWWBAA00210	519
GKWWBAA00210	520
GKWWBAA00210	546
GKWWBAA00210	562
GKWWBAA00210	571
GKWWBAA00210	573
GKWWBAA00210	575
GKWWBAA00210	582
GKWWBAA00210	615
GKWWBAA00210	644
GKWWBAA00210	646
GKWWBAA00210	648
GKWWBAA00210	654
GKWWBAA00210	666
GKWWBAA00210	729
GKWWBAA00210	747
GKWWBAA00210	817
GKWWBAA00210	1260
GKWWBAA00210	1311
GKWWBAA00210	1313
GKWWBAA00210	1328
GKWWBAA00210	1352
GKWWBAA00210	1392
GKWWBAA00210	1496
GKWWBAA00210	1502
GKWWBAA00210	1513
GKWWBAA00210	1639
GKWWBAA00210	1774
GKWWBAA00210	13373
GKWWBAA00210	28090
GKWWBAA00210	28132
GKWWBAA00210	28450
GKWWBAA00210	28901
GKWWBAA00210	29466
GKWWBAA00210	40324
GKWWBAA00210	43675
GKWWBAA00210	48296
GKWWBAA00210	80866
GKWWBAA00210	83262
GKWWBAA00210	1117645
GKWWBAA00210	1463165
GKWWBAA00211	197
GKWWBAA00211	287
GKWWBAA00211	520
GKWWBAA00211	546
GKWWBAA00211	548
GKWWBAA00211	550
GKWWBAA00211	562
GKWWBAA00211	573
GKWWBAA00211	582
GKWWBAA00211	622
GKWWBAA00211	623
GKWWBAA00211	632
GKWWBAA00211	644
GKWWBAA00211	648
GKWWBAA00211	654
GKWWBAA00211	666
GKWWBAA00211	747
GKWWBAA00211	817
GKWWBAA00211	1280
GKWWBAA00211	1352
GKWWBAA00211	1392
GKWWBAA00211	1496
GKWWBAA00211	1502
GKWWBAA00211	1639
GKWWBAA00211	13373
GKWWBAA00211	28450
GKWWBAA00211	28901
GKWWBAA00211	244366
GKWWBAA00211	1463165
GKWWBAA00212	287
GKWWBAA00212	519
GKWWBAA00212	520
GKWWBAA00212	562
GKWWBAA00212	573
GKWWBAA00212	615
GKWWBAA00212	621
GKWWBAA00212	623
GKWWBAA00212	644
GKWWBAA00212	646
GKWWBAA00212	648
GKWWBAA00212	654
GKWWBAA00212	666
GKWWBAA00212	729
GKWWBAA00212	817
GKWWBAA00212	1260
GKWWBAA00212	1311
GKWWBAA00212	1496
GKWWBAA00212	5476
GKWWBAA00212	5763
GKWWBAA00212	13373
GKWWBAA00212	28132
GKWWBAA00212	28450
GKWWBAA00212	28901
GKWWBAA00212	29466
GKWWBAA00212	35814
GKWWBAA00212	43675
GKWWBAA00212	80866
GKWWBAA00212	106654
GKWWBAA00212	1117645
GKWWBAA00212	1463165
GKWWBAA00213	287
GKWWBAA00213	470
GKWWBAA00213	519
GKWWBAA00213	562
GKWWBAA00213	573
GKWWBAA00213	623
GKWWBAA00213	644
GKWWBAA00213	648
GKWWBAA00213	654
GKWWBAA00213	666
GKWWBAA00213	727
GKWWBAA00213	729
GKWWBAA00213	747
GKWWBAA00213	817
GKWWBAA00213	1280
GKWWBAA00213	1352
GKWWBAA00213	1496
GKWWBAA00213	1502
GKWWBAA00213	1639
GKWWBAA00213	1774
GKWWBAA00213	13373
GKWWBAA00213	28450
GKWWBAA00213	28901
GKWWBAA00213	40324
GKWWBAA00213	54291
GKWWBAA00213	1463165
GKWWBAA00214	195
GKWWBAA00214	287
GKWWBAA00214	470
GKWWBAA00214	546
GKWWBAA00214	548
GKWWBAA00214	550
GKWWBAA00214	562
GKWWBAA00214	571
GKWWBAA00214	573
GKWWBAA00214	582
GKWWBAA00214	584
GKWWBAA00214	644
GKWWBAA00214	648
GKWWBAA00214	654
GKWWBAA00214	666
GKWWBAA00214	747
GKWWBAA00214	817
GKWWBAA00214	1313
GKWWBAA00214	1314
GKWWBAA00214	1351
GKWWBAA00214	1352
GKWWBAA00214	1496
GKWWBAA00214	1502
GKWWBAA00214	1639
GKWWBAA00214	5476
GKWWBAA00214	28450
GKWWBAA00214	28901
GKWWBAA00214	29466
GKWWBAA00214	33033
GKWWBAA00214	40324
GKWWBAA00214	43675
GKWWBAA00214	54291
GKWWBAA00214	106654
GKWWBAA00214	244366
GKWWBAA00214	1117645
GKWWBAA00214	1463165
GKWWBAA00215	287
GKWWBAA00215	519
GKWWBAA00215	520
GKWWBAA00215	546
GKWWBAA00215	548
GKWWBAA00215	562
GKWWBAA00215	571
GKWWBAA00215	573
GKWWBAA00215	582
GKWWBAA00215	615
GKWWBAA00215	621
GKWWBAA00215	632
GKWWBAA00215	644
GKWWBAA00215	646
GKWWBAA00215	648
GKWWBAA00215	654
GKWWBAA00215	666
GKWWBAA00215	726
GKWWBAA00215	729
GKWWBAA00215	747
GKWWBAA00215	817
GKWWBAA00215	1019
GKWWBAA00215	1260
GKWWBAA00215	1280
GKWWBAA00215	1313
GKWWBAA00215	1496
GKWWBAA00215	1502
GKWWBAA00215	1655
GKWWBAA00215	1736
GKWWBAA00215	2718
GKWWBAA00215	13373
GKWWBAA00215	13689
GKWWBAA00215	28450
GKWWBAA00215	28901
GKWWBAA00215	29466
GKWWBAA00215	40324
GKWWBAA00215	43675
GKWWBAA00215	80866
GKWWBAA00215	106654
GKWWBAA00215	1117645
GKWWBAA00215	1463165
GKWWBAA00216	287
GKWWBAA00216	470
GKWWBAA00216	519
GKWWBAA00216	562
GKWWBAA00216	571
GKWWBAA00216	573
GKWWBAA00216	582
GKWWBAA00216	584
GKWWBAA00216	615
GKWWBAA00216	644
GKWWBAA00216	648
GKWWBAA00216	654
GKWWBAA00216	729
GKWWBAA00216	817
GKWWBAA00216	1260
GKWWBAA00216	1311
GKWWBAA00216	1328
GKWWBAA00216	1351
GKWWBAA00216	1352
GKWWBAA00216	1392
GKWWBAA00216	1496
GKWWBAA00216	1513
GKWWBAA00216	1639
GKWWBAA00216	1766
GKWWBAA00216	13373
GKWWBAA00216	28090
GKWWBAA00216	28901
GKWWBAA00216	29466
GKWWBAA00216	33033
GKWWBAA00216	40324
GKWWBAA00216	43675
GKWWBAA00216	48296
GKWWBAA00216	57704
GKWWBAA00216	80866
GKWWBAA00216	106654
GKWWBAA00216	249188
GKWWBAA00217	199
GKWWBAA00217	287
GKWWBAA00217	470
GKWWBAA00217	519
GKWWBAA00217	546
GKWWBAA00217	562
GKWWBAA00217	573
GKWWBAA00217	582
GKWWBAA00217	615
GKWWBAA00217	644
GKWWBAA00217	648
GKWWBAA00217	654
GKWWBAA00217	666
GKWWBAA00217	729
GKWWBAA00217	817
GKWWBAA00217	1260
GKWWBAA00217	1276
GKWWBAA00217	1311
GKWWBAA00217	1313
GKWWBAA00217	1338
GKWWBAA00217	1352
GKWWBAA00217	1379
GKWWBAA00217	1496
GKWWBAA00217	1502
GKWWBAA00217	1513
GKWWBAA00217	1774
GKWWBAA00217	5476
GKWWBAA00217	13373
GKWWBAA00217	28037
GKWWBAA00217	28450
GKWWBAA00217	28901
GKWWBAA00217	29459
GKWWBAA00217	29466
GKWWBAA00217	32002
GKWWBAA00217	36809
GKWWBAA00217	40324
GKWWBAA00217	43675
GKWWBAA00217	106654
GKWWBAA00218	287
GKWWBAA00218	294
GKWWBAA00218	470
GKWWBAA00218	519
GKWWBAA00218	546
GKWWBAA00218	548
GKWWBAA00218	550
GKWWBAA00218	562
GKWWBAA00218	571
GKWWBAA00218	573
GKWWBAA00218	582
GKWWBAA00218	615
GKWWBAA00218	630
GKWWBAA00218	644
GKWWBAA00218	646
GKWWBAA00218	648
GKWWBAA00218	654
GKWWBAA00218	666
GKWWBAA00218	729
GKWWBAA00218	747
GKWWBAA00218	817
GKWWBAA00218	1017
GKWWBAA00218	1280
GKWWBAA00218	1311
GKWWBAA00218	1352
GKWWBAA00218	1496
GKWWBAA00218	1502
GKWWBAA00218	1639
GKWWBAA00218	2718
GKWWBAA00218	13373
GKWWBAA00218	13689
GKWWBAA00218	28082
GKWWBAA00218	28132
GKWWBAA00218	28450
GKWWBAA00218	28901
GKWWBAA00218	29466
GKWWBAA00218	40324
GKWWBAA00218	43675
GKWWBAA00218	48296
GKWWBAA00218	57704
GKWWBAA00218	80866
GKWWBAA00218	106654
GKWWBAA00218	244366
GKWWBAA00218	249188
GKWWBAA00218	1117645
GKWWBAA00218	1463165
GKWWBAA00230	287
GKWWBAA00230	446
GKWWBAA00230	470
GKWWBAA00230	729
GKWWBAA00230	817
GKWWBAA00230	1280
GKWWBAA00230	1313
GKWWBAA00230	1352
GKWWBAA00230	1496
GKWWBAA00230	1766
GKWWBAA00230	1774
GKWWBAA00230	13373
GKWWBAA00230	28450
GKWWBAA00230	28901
GKWWBAA00230	32002
GKWWBAA00230	36809
GKWWBAA00230	57704
GKWWBAA00230	106654
GKWWBAA00230	1117645
GKWWBAA00231	197
GKWWBAA00231	210
GKWWBAA00231	287
GKWWBAA00231	470
GKWWBAA00231	546
GKWWBAA00231	562
GKWWBAA00231	571
GKWWBAA00231	573
GKWWBAA00231	582
GKWWBAA00231	615
GKWWBAA00231	644
GKWWBAA00231	646
GKWWBAA00231	648
GKWWBAA00231	654
GKWWBAA00231	666
GKWWBAA00231	729
GKWWBAA00231	747
GKWWBAA00231	817
GKWWBAA00231	1260
GKWWBAA00231	1311
GKWWBAA00231	1313
GKWWBAA00231	1338
GKWWBAA00231	1352
GKWWBAA00231	1496
GKWWBAA00231	1502
GKWWBAA00231	1513
GKWWBAA00231	1639
GKWWBAA00231	13373
GKWWBAA00231	28450
GKWWBAA00231	28901
GKWWBAA00231	29466
GKWWBAA00231	36809
GKWWBAA00231	39950
GKWWBAA00231	40324
GKWWBAA00231	43675
GKWWBAA00231	48296
GKWWBAA00231	80866
GKWWBAA00231	83262
GKWWBAA00231	1117645
GKWWBAA00231	1463165
GKWWBAA00232	287
GKWWBAA00232	450
GKWWBAA00232	519
GKWWBAA00232	520
GKWWBAA00232	546
GKWWBAA00232	573
GKWWBAA00232	644
GKWWBAA00232	648
GKWWBAA00232	654
GKWWBAA00232	666
GKWWBAA00232	729
GKWWBAA00232	1313
GKWWBAA00232	1352
GKWWBAA00232	1392
GKWWBAA00232	1496
GKWWBAA00232	1502
GKWWBAA00232	1513
GKWWBAA00232	1639
GKWWBAA00232	1774
GKWWBAA00232	13373
GKWWBAA00232	28450
GKWWBAA00232	28901
GKWWBAA00232	40324
GKWWBAA00232	57704
GKWWBAA00233	199
GKWWBAA00233	287
GKWWBAA00233	329
GKWWBAA00233	446
GKWWBAA00233	519
GKWWBAA00233	546
GKWWBAA00233	562
GKWWBAA00233	573
GKWWBAA00233	582
GKWWBAA00233	615
GKWWBAA00233	644
GKWWBAA00233	646
GKWWBAA00233	648
GKWWBAA00233	654
GKWWBAA00233	727
GKWWBAA00233	729
GKWWBAA00233	817
GKWWBAA00233	1017
GKWWBAA00233	1313
GKWWBAA00233	1314
GKWWBAA00233	1338
GKWWBAA00233	1379
GKWWBAA00233	1496
GKWWBAA00233	1639
GKWWBAA00233	1655
GKWWBAA00233	1774
GKWWBAA00233	2718
GKWWBAA00233	28132
GKWWBAA00233	28450
GKWWBAA00233	28901
GKWWBAA00233	29391
GKWWBAA00233	29466
GKWWBAA00233	39950
GKWWBAA00233	40324
GKWWBAA00233	43675
GKWWBAA00233	57704
GKWWBAA00233	85698
GKWWBAA00233	106654
GKWWBAA00233	327575
GKWWBAA00233	1117645
GKWWBAA00233	1463165
GKWWBAA00239	287
GKWWBAA00239	446
GKWWBAA00239	470
GKWWBAA00239	487
GKWWBAA00239	546
GKWWBAA00239	548
GKWWBAA00239	550
GKWWBAA00239	562
GKWWBAA00239	573
GKWWBAA00239	582
GKWWBAA00239	584
GKWWBAA00239	615
GKWWBAA00239	622
GKWWBAA00239	644
GKWWBAA00239	648
GKWWBAA00239	654
GKWWBAA00239	666
GKWWBAA00239	817
GKWWBAA00239	1276
GKWWBAA00239	1311
GKWWBAA00239	1313
GKWWBAA00239	1352
GKWWBAA00239	1496
GKWWBAA00239	1502
GKWWBAA00239	1717
GKWWBAA00239	13373
GKWWBAA00239	28450
GKWWBAA00239	28901
GKWWBAA00239	29466
GKWWBAA00239	40324
GKWWBAA00239	106654
GKWWBAA00239	244366
GKWWBAA00239	1463165
GKWWBAA00240	197
GKWWBAA00240	287
GKWWBAA00240	446
GKWWBAA00240	470
GKWWBAA00240	519
GKWWBAA00240	546
GKWWBAA00240	548
GKWWBAA00240	550
GKWWBAA00240	562
GKWWBAA00240	571
GKWWBAA00240	573
GKWWBAA00240	582
GKWWBAA00240	584
GKWWBAA00240	621
GKWWBAA00240	622
GKWWBAA00240	644
GKWWBAA00240	648
GKWWBAA00240	654
GKWWBAA00240	666
GKWWBAA00240	729
GKWWBAA00240	747
GKWWBAA00240	817
GKWWBAA00240	1276
GKWWBAA00240	1280
GKWWBAA00240	1313
GKWWBAA00240	1352
GKWWBAA00240	1496
GKWWBAA00240	1502
GKWWBAA00240	1639
GKWWBAA00240	1766
GKWWBAA00240	1774
GKWWBAA00240	13373
GKWWBAA00240	28132
GKWWBAA00240	28901
GKWWBAA00240	29466
GKWWBAA00240	36809
GKWWBAA00240	40324
GKWWBAA00240	43675
GKWWBAA00240	54291
GKWWBAA00240	85698
GKWWBAA00240	244366
GKWWBAA00240	1117645
GKWWBAA00240	1463165
GKWWBAA00241	287
GKWWBAA00241	446
GKWWBAA00241	470
GKWWBAA00241	487
GKWWBAA00241	546
GKWWBAA00241	562
GKWWBAA00241	571
GKWWBAA00241	573
GKWWBAA00241	615
GKWWBAA00241	644
GKWWBAA00241	646
GKWWBAA00241	648
GKWWBAA00241	654
GKWWBAA00241	729
GKWWBAA00241	747
GKWWBAA00241	817
GKWWBAA00241	1260
GKWWBAA00241	1280
GKWWBAA00241	1313
GKWWBAA00241	1352
GKWWBAA00241	1496
GKWWBAA00241	1502
GKWWBAA00241	1513
GKWWBAA00241	1639
GKWWBAA00241	1766
GKWWBAA00241	5476
GKWWBAA00241	28132
GKWWBAA00241	28450
GKWWBAA00241	28901
GKWWBAA00241	29466
GKWWBAA00241	40324
GKWWBAA00241	43675
GKWWBAA00241	48296
GKWWBAA00241	80866
GKWWBAA00241	106654
GKWWBAA00241	1117645
GKWWBAA00241	1463165
GKWWBAA00242	197
GKWWBAA00242	287
GKWWBAA00242	470
GKWWBAA00242	485
GKWWBAA00242	519
GKWWBAA00242	520
GKWWBAA00242	546
GKWWBAA00242	548
GKWWBAA00242	550
GKWWBAA00242	562
GKWWBAA00242	573
GKWWBAA00242	582
GKWWBAA00242	584
GKWWBAA00242	622
GKWWBAA00242	623
GKWWBAA00242	644
GKWWBAA00242	648
GKWWBAA00242	654
GKWWBAA00242	666
GKWWBAA00242	747
GKWWBAA00242	817
GKWWBAA00242	1314
GKWWBAA00242	1352
GKWWBAA00242	1496
GKWWBAA00242	1502
GKWWBAA00242	1639
GKWWBAA00242	1774
GKWWBAA00242	5476
GKWWBAA00242	13373
GKWWBAA00242	28132
GKWWBAA00242	28450
GKWWBAA00242	28901
GKWWBAA00242	32002
GKWWBAA00242	36809
GKWWBAA00242	1463165
GKWWBAA00243	287
GKWWBAA00243	546
GKWWBAA00243	562
GKWWBAA00243	573
GKWWBAA00243	582
GKWWBAA00243	615
GKWWBAA00243	621
GKWWBAA00243	644
GKWWBAA00243	646
GKWWBAA00243	648
GKWWBAA00243	654
GKWWBAA00243	729
GKWWBAA00243	747
GKWWBAA00243	817
GKWWBAA00243	1276
GKWWBAA00243	1311
GKWWBAA00243	1313
GKWWBAA00243	1328
GKWWBAA00243	1338
GKWWBAA00243	1352
GKWWBAA00243	1496
GKWWBAA00243	1655
GKWWBAA00243	1736
GKWWBAA00243	1773
GKWWBAA00243	13689
GKWWBAA00243	28037
GKWWBAA00243	28901
GKWWBAA00243	29466
GKWWBAA00243	40324
GKWWBAA00243	43675
GKWWBAA00243	106654
GKWWBAA00243	1117645
GKWWBAA00243	1463165
GKWWBAA00486	287
GKWWBAA00486	470
GKWWBAA00486	546
GKWWBAA00486	550
GKWWBAA00486	562
GKWWBAA00486	571
GKWWBAA00486	573
GKWWBAA00486	582
GKWWBAA00486	615
GKWWBAA00486	644
GKWWBAA00486	646
GKWWBAA00486	648
GKWWBAA00486	654
GKWWBAA00486	729
GKWWBAA00486	817
GKWWBAA00486	1352
GKWWBAA00486	1502
GKWWBAA00486	13689
GKWWBAA00486	28141
GKWWBAA00486	28901
GKWWBAA00486	29466
GKWWBAA00486	40324
GKWWBAA00486	43675
GKWWBAA00486	54291
GKWWBAA00486	1463165
GKWWBAA00487	210
GKWWBAA00487	287
GKWWBAA00487	446
GKWWBAA00487	485
GKWWBAA00487	520
GKWWBAA00487	573
GKWWBAA00487	623
GKWWBAA00487	644
GKWWBAA00487	648
GKWWBAA00487	654
GKWWBAA00487	666
GKWWBAA00487	1260
GKWWBAA00487	1280
GKWWBAA00487	1392
GKWWBAA00487	1496
GKWWBAA00487	1502
GKWWBAA00487	1513
GKWWBAA00487	1639
GKWWBAA00487	1764
GKWWBAA00487	1773
GKWWBAA00487	13373
GKWWBAA00487	28450
GKWWBAA00487	28901
GKWWBAA00487	29459
GKWWBAA00487	40324
GKWWBAA00487	85698
GKWWBAA00487	1117645
GKWWBAA00488	287
GKWWBAA00488	519
GKWWBAA00488	562
GKWWBAA00488	573
GKWWBAA00488	644
GKWWBAA00488	646
GKWWBAA00488	648
GKWWBAA00488	666
GKWWBAA00488	817
GKWWBAA00488	1276
GKWWBAA00488	1313
GKWWBAA00488	1352
GKWWBAA00488	1496
GKWWBAA00488	1502
GKWWBAA00488	1639
GKWWBAA00488	1717
GKWWBAA00488	1773
GKWWBAA00488	13373
GKWWBAA00488	28450
GKWWBAA00488	28901
GKWWBAA00488	35814
GKWWBAA00488	43675
GKWWBAA00489	197
GKWWBAA00489	263
GKWWBAA00489	287
GKWWBAA00489	485
GKWWBAA00489	519
GKWWBAA00489	520
GKWWBAA00489	546
GKWWBAA00489	550
GKWWBAA00489	562
GKWWBAA00489	573
GKWWBAA00489	582
GKWWBAA00489	584
GKWWBAA00489	622
GKWWBAA00489	623
GKWWBAA00489	632
GKWWBAA00489	644
GKWWBAA00489	648
GKWWBAA00489	654
GKWWBAA00489	666
GKWWBAA00489	747
GKWWBAA00489	1280
GKWWBAA00489	1313
GKWWBAA00489	1352
GKWWBAA00489	1392
GKWWBAA00489	1496
GKWWBAA00489	1502
GKWWBAA00489	1639
GKWWBAA00489	1717
GKWWBAA00489	1766
GKWWBAA00489	5476
GKWWBAA00489	13373
GKWWBAA00489	28450
GKWWBAA00489	28901
GKWWBAA00489	36809
GKWWBAA00489	40324
GKWWBAA00489	43675
GKWWBAA00489	746128
GKWWBAA00489	1117645
GKWWBAA00489	1463165
GKWWBAA00490	287
GKWWBAA00490	470
GKWWBAA00490	546
GKWWBAA00490	550
GKWWBAA00490	562
GKWWBAA00490	573
GKWWBAA00490	582
GKWWBAA00490	584
GKWWBAA00490	585
GKWWBAA00490	615
GKWWBAA00490	644
GKWWBAA00490	648
GKWWBAA00490	654
GKWWBAA00490	729
GKWWBAA00490	817
GKWWBAA00490	1352
GKWWBAA00490	29466
GKWWBAA00490	40324
GKWWBAA00490	43675
GKWWBAA00490	54291
GKWWBAA00490	1463165
GKWWBAA00491	287
GKWWBAA00491	470
GKWWBAA00491	546
GKWWBAA00491	548
GKWWBAA00491	550
GKWWBAA00491	562
GKWWBAA00491	571
GKWWBAA00491	573
GKWWBAA00491	575
GKWWBAA00491	582
GKWWBAA00491	584
GKWWBAA00491	615
GKWWBAA00491	644
GKWWBAA00491	648
GKWWBAA00491	654
GKWWBAA00491	729
GKWWBAA00491	817
GKWWBAA00491	1260
GKWWBAA00491	1352
GKWWBAA00491	1502
GKWWBAA00491	2054
GKWWBAA00491	28090
GKWWBAA00491	28132
GKWWBAA00491	28901
GKWWBAA00491	29466
GKWWBAA00491	40324
GKWWBAA00491	43675
GKWWBAA00491	54291
GKWWBAA00491	106654
GKWWBAA00491	1463165
GKWWBAA00492	199
GKWWBAA00492	287
GKWWBAA00492	470
GKWWBAA00492	546
GKWWBAA00492	548
GKWWBAA00492	550
GKWWBAA00492	562
GKWWBAA00492	571
GKWWBAA00492	573
GKWWBAA00492	575
GKWWBAA00492	582
GKWWBAA00492	584
GKWWBAA00492	615
GKWWBAA00492	644
GKWWBAA00492	648
GKWWBAA00492	654
GKWWBAA00492	729
GKWWBAA00492	817
GKWWBAA00492	1338
GKWWBAA00492	1352
GKWWBAA00492	1502
GKWWBAA00492	2054
GKWWBAA00492	13689
GKWWBAA00492	28132
GKWWBAA00492	28141
GKWWBAA00492	28901
GKWWBAA00492	29466
GKWWBAA00492	32002
GKWWBAA00492	40324
GKWWBAA00492	43675
GKWWBAA00492	54291
GKWWBAA00492	83655
GKWWBAA00492	85698
GKWWBAA00492	106654
GKWWBAA00492	1463165
GKWWBAA00493	287
GKWWBAA00493	470
GKWWBAA00493	546
GKWWBAA00493	550
GKWWBAA00493	562
GKWWBAA00493	571
GKWWBAA00493	573
GKWWBAA00493	575
GKWWBAA00493	582
GKWWBAA00493	615
GKWWBAA00493	630
GKWWBAA00493	644
GKWWBAA00493	646
GKWWBAA00493	648
GKWWBAA00493	654
GKWWBAA00493	729
GKWWBAA00493	817
GKWWBAA00493	1352
GKWWBAA00493	1502
GKWWBAA00493	28090
GKWWBAA00493	28141
GKWWBAA00493	28901
GKWWBAA00493	29466
GKWWBAA00493	40324
GKWWBAA00493	43675
GKWWBAA00493	48296
GKWWBAA00493	54291
GKWWBAA00493	1463165
GKWWBAA00494	287
GKWWBAA00494	470
GKWWBAA00494	546
GKWWBAA00494	550
GKWWBAA00494	562
GKWWBAA00494	571
GKWWBAA00494	573
GKWWBAA00494	575
GKWWBAA00494	582
GKWWBAA00494	584
GKWWBAA00494	615
GKWWBAA00494	630
GKWWBAA00494	644
GKWWBAA00494	648
GKWWBAA00494	654
GKWWBAA00494	729
GKWWBAA00494	817
GKWWBAA00494	1260
GKWWBAA00494	1352
GKWWBAA00494	1655
GKWWBAA00494	28090
GKWWBAA00494	28132
GKWWBAA00494	28901
GKWWBAA00494	29466
GKWWBAA00494	40324
GKWWBAA00494	43675
GKWWBAA00494	54291
GKWWBAA00494	80866
GKWWBAA00494	106654
GKWWBAA00494	244366
GKWWBAA00494	1463165
GKWWBAA00495	287
GKWWBAA00495	470
GKWWBAA00495	546
GKWWBAA00495	548
GKWWBAA00495	550
GKWWBAA00495	562
GKWWBAA00495	571
GKWWBAA00495	573
GKWWBAA00495	575
GKWWBAA00495	582
GKWWBAA00495	584
GKWWBAA00495	615
GKWWBAA00495	644
GKWWBAA00495	648
GKWWBAA00495	654
GKWWBAA00495	726
GKWWBAA00495	729
GKWWBAA00495	817
GKWWBAA00495	1352
GKWWBAA00495	1655
GKWWBAA00495	28090
GKWWBAA00495	28141
GKWWBAA00495	29466
GKWWBAA00495	40324
GKWWBAA00495	43675
GKWWBAA00495	48296
GKWWBAA00495	54291
GKWWBAA00495	80866
GKWWBAA00495	106654
GKWWBAA00495	249188
GKWWBAA00495	1463165
GKWWBAA00496	195
GKWWBAA00496	287
GKWWBAA00496	470
GKWWBAA00496	546
GKWWBAA00496	550
GKWWBAA00496	562
GKWWBAA00496	571
GKWWBAA00496	573
GKWWBAA00496	575
GKWWBAA00496	582
GKWWBAA00496	584
GKWWBAA00496	585
GKWWBAA00496	615
GKWWBAA00496	644
GKWWBAA00496	646
GKWWBAA00496	648
GKWWBAA00496	654
GKWWBAA00496	729
GKWWBAA00496	817
GKWWBAA00496	1328
GKWWBAA00496	1352
GKWWBAA00496	1766
GKWWBAA00496	28090
GKWWBAA00496	28141
GKWWBAA00496	29466
GKWWBAA00496	36809
GKWWBAA00496	40324
GKWWBAA00496	43675
GKWWBAA00496	54291
GKWWBAA00496	83655
GKWWBAA00496	85698
GKWWBAA00496	106654
GKWWBAA00496	1463165
GKWWBAA00497	287
GKWWBAA00497	470
GKWWBAA00497	546
GKWWBAA00497	548
GKWWBAA00497	550
GKWWBAA00497	562
GKWWBAA00497	571
GKWWBAA00497	573
GKWWBAA00497	575
GKWWBAA00497	582
GKWWBAA00497	584
GKWWBAA00497	615
GKWWBAA00497	644
GKWWBAA00497	648
GKWWBAA00497	654
GKWWBAA00497	726
GKWWBAA00497	729
GKWWBAA00497	817
GKWWBAA00497	1260
GKWWBAA00497	1352
GKWWBAA00497	13689
GKWWBAA00497	28090
GKWWBAA00497	28132
GKWWBAA00497	28141
GKWWBAA00497	28901
GKWWBAA00497	29466
GKWWBAA00497	40324
GKWWBAA00497	43675
GKWWBAA00497	48296
GKWWBAA00497	54291
GKWWBAA00497	83655
GKWWBAA00497	106654
GKWWBAA00497	1463165
GKWWBAA00498	287
GKWWBAA00498	294
GKWWBAA00498	470
GKWWBAA00498	546
GKWWBAA00498	548
GKWWBAA00498	550
GKWWBAA00498	562
GKWWBAA00498	571
GKWWBAA00498	573
GKWWBAA00498	575
GKWWBAA00498	582
GKWWBAA00498	584
GKWWBAA00498	585
GKWWBAA00498	615
GKWWBAA00498	630
GKWWBAA00498	644
GKWWBAA00498	648
GKWWBAA00498	654
GKWWBAA00498	729
GKWWBAA00498	817
GKWWBAA00498	1338
GKWWBAA00498	1352
GKWWBAA00498	1655
GKWWBAA00498	1766
GKWWBAA00498	13689
GKWWBAA00498	28090
GKWWBAA00498	28132
GKWWBAA00498	28141
GKWWBAA00498	28901
GKWWBAA00498	29466
GKWWBAA00498	32002
GKWWBAA00498	40324
GKWWBAA00498	43675
GKWWBAA00498	48296
GKWWBAA00498	54291
GKWWBAA00498	80866
GKWWBAA00498	83655
GKWWBAA00498	85698
GKWWBAA00498	106654
GKWWBAA00498	244366
GKWWBAA00498	1463165
GKWWBAA00499	287
GKWWBAA00499	470
GKWWBAA00499	546
GKWWBAA00499	548
GKWWBAA00499	550
GKWWBAA00499	562
GKWWBAA00499	569
GKWWBAA00499	571
GKWWBAA00499	573
GKWWBAA00499	575
GKWWBAA00499	582
GKWWBAA00499	584
GKWWBAA00499	615
GKWWBAA00499	630
GKWWBAA00499	644
GKWWBAA00499	648
GKWWBAA00499	654
GKWWBAA00499	729
GKWWBAA00499	817
GKWWBAA00499	1352
GKWWBAA00499	1502
GKWWBAA00499	2054
GKWWBAA00499	28090
GKWWBAA00499	28132
GKWWBAA00499	28901
GKWWBAA00499	29466
GKWWBAA00499	32002
GKWWBAA00499	40324
GKWWBAA00499	43675
GKWWBAA00499	48296
GKWWBAA00499	54291
GKWWBAA00499	80866
GKWWBAA00499	83262
GKWWBAA00499	83655
GKWWBAA00499	85698
GKWWBAA00499	244366
GKWWBAA00499	1463165
GKWWBAA00748	195
GKWWBAA00748	287
GKWWBAA00748	470
GKWWBAA00748	546
GKWWBAA00748	548
GKWWBAA00748	550
GKWWBAA00748	562
GKWWBAA00748	571
GKWWBAA00748	573
GKWWBAA00748	575
GKWWBAA00748	582
GKWWBAA00748	615
GKWWBAA00748	644
GKWWBAA00748	646
GKWWBAA00748	648
GKWWBAA00748	654
GKWWBAA00748	729
GKWWBAA00748	817
GKWWBAA00748	1260
GKWWBAA00748	1352
GKWWBAA00748	28090
GKWWBAA00748	28901
GKWWBAA00748	29466
GKWWBAA00748	40324
GKWWBAA00748	43675
GKWWBAA00748	48296
GKWWBAA00748	54291
GKWWBAA00748	83655
GKWWBAA00748	106654
GKWWBAA00748	249188
GKWWBAA00748	1117645
GKWWBAA00748	1463165
GKWWBAA00749	287
GKWWBAA00749	470
GKWWBAA00749	546
GKWWBAA00749	550
GKWWBAA00749	562
GKWWBAA00749	569
GKWWBAA00749	571
GKWWBAA00749	573
GKWWBAA00749	575
GKWWBAA00749	582
GKWWBAA00749	584
GKWWBAA00749	615
GKWWBAA00749	644
GKWWBAA00749	648
GKWWBAA00749	654
GKWWBAA00749	729
GKWWBAA00749	817
GKWWBAA00749	1017
GKWWBAA00749	1260
GKWWBAA00749	1338
GKWWBAA00749	1352
GKWWBAA00749	1736
GKWWBAA00749	1774
GKWWBAA00749	28090
GKWWBAA00749	28132
GKWWBAA00749	29391
GKWWBAA00749	29466
GKWWBAA00749	40324
GKWWBAA00749	43675
GKWWBAA00749	54291
GKWWBAA00749	83655
GKWWBAA00749	106654
GKWWBAA00749	1463165
GKWWBAA00750	287
GKWWBAA00750	470
GKWWBAA00750	546
GKWWBAA00750	550
GKWWBAA00750	562
GKWWBAA00750	571
GKWWBAA00750	573
GKWWBAA00750	582
GKWWBAA00750	584
GKWWBAA00750	615
GKWWBAA00750	644
GKWWBAA00750	648
GKWWBAA00750	654
GKWWBAA00750	729
GKWWBAA00750	817
GKWWBAA00750	1260
GKWWBAA00750	1352
GKWWBAA00750	28090
GKWWBAA00750	28132
GKWWBAA00750	28141
GKWWBAA00750	29466
GKWWBAA00750	40324
GKWWBAA00750	43675
GKWWBAA00750	54291
GKWWBAA00750	106654
GKWWBAA00750	1463165
GKWWBAA00751	287
GKWWBAA00751	470
GKWWBAA00751	546
GKWWBAA00751	550
GKWWBAA00751	562
GKWWBAA00751	571
GKWWBAA00751	573
GKWWBAA00751	575
GKWWBAA00751	582
GKWWBAA00751	584
GKWWBAA00751	615
GKWWBAA00751	644
GKWWBAA00751	648
GKWWBAA00751	654
GKWWBAA00751	729
GKWWBAA00751	817
GKWWBAA00751	1338
GKWWBAA00751	1352
GKWWBAA00751	28090
GKWWBAA00751	28132
GKWWBAA00751	28141
GKWWBAA00751	29466
GKWWBAA00751	40324
GKWWBAA00751	43675
GKWWBAA00751	54291
GKWWBAA00751	1463165
GKWWBAA00752	287
GKWWBAA00752	470
GKWWBAA00752	546
GKWWBAA00752	550
GKWWBAA00752	562
GKWWBAA00752	571
GKWWBAA00752	573
GKWWBAA00752	575
GKWWBAA00752	582
GKWWBAA00752	584
GKWWBAA00752	585
GKWWBAA00752	615
GKWWBAA00752	644
GKWWBAA00752	648
GKWWBAA00752	654
GKWWBAA00752	729
GKWWBAA00752	817
GKWWBAA00752	1352
GKWWBAA00752	2718
GKWWBAA00752	28132
GKWWBAA00752	29466
GKWWBAA00752	40324
GKWWBAA00752	43675
GKWWBAA00752	48296
GKWWBAA00752	1463165
GKWWBAA00753	287
GKWWBAA00753	470
GKWWBAA00753	546
GKWWBAA00753	550
GKWWBAA00753	562
GKWWBAA00753	571
GKWWBAA00753	573
GKWWBAA00753	575
GKWWBAA00753	582
GKWWBAA00753	585
GKWWBAA00753	615
GKWWBAA00753	644
GKWWBAA00753	646
GKWWBAA00753	648
GKWWBAA00753	654
GKWWBAA00753	729
GKWWBAA00753	817
GKWWBAA00753	1313
GKWWBAA00753	1314
GKWWBAA00753	1352
GKWWBAA00753	13689
GKWWBAA00753	28090
GKWWBAA00753	28141
GKWWBAA00753	28901
GKWWBAA00753	29466
GKWWBAA00753	40324
GKWWBAA00753	43675
GKWWBAA00753	48296
GKWWBAA00753	54291
GKWWBAA00753	83655
GKWWBAA00753	106654
GKWWBAA00753	244366
GKWWBAA00753	1463165
GKWWBAA00754	287
GKWWBAA00754	470
GKWWBAA00754	546
GKWWBAA00754	548
GKWWBAA00754	550
GKWWBAA00754	562
GKWWBAA00754	571
GKWWBAA00754	573
GKWWBAA00754	575
GKWWBAA00754	582
GKWWBAA00754	584
GKWWBAA00754	615
GKWWBAA00754	630
GKWWBAA00754	644
GKWWBAA00754	646
GKWWBAA00754	648
GKWWBAA00754	654
GKWWBAA00754	729
GKWWBAA00754	817
GKWWBAA00754	1352
GKWWBAA00754	1502
GKWWBAA00754	1764
GKWWBAA00754	1774
GKWWBAA00754	28090
GKWWBAA00754	28132
GKWWBAA00754	28141
GKWWBAA00754	28901
GKWWBAA00754	29466
GKWWBAA00754	40324
GKWWBAA00754	43675
GKWWBAA00754	54291
GKWWBAA00754	83655
GKWWBAA00754	106654
GKWWBAA00754	244366
GKWWBAA00754	1463165
GKWWBAA00755	287
GKWWBAA00755	470
GKWWBAA00755	546
GKWWBAA00755	548
GKWWBAA00755	550
GKWWBAA00755	562
GKWWBAA00755	571
GKWWBAA00755	573
GKWWBAA00755	575
GKWWBAA00755	582
GKWWBAA00755	584
GKWWBAA00755	615
GKWWBAA00755	644
GKWWBAA00755	648
GKWWBAA00755	654
GKWWBAA00755	729
GKWWBAA00755	817
GKWWBAA00755	1352
GKWWBAA00755	1502
GKWWBAA00755	2718
GKWWBAA00755	28090
GKWWBAA00755	28132
GKWWBAA00755	28901
GKWWBAA00755	29466
GKWWBAA00755	40324
GKWWBAA00755	43675
GKWWBAA00755	48296
GKWWBAA00755	54291
GKWWBAA00755	83655
GKWWBAA00755	106654
GKWWBAA00755	1463165
GKWWBAA00756	287
GKWWBAA00756	470
GKWWBAA00756	546
GKWWBAA00756	548
GKWWBAA00756	550
GKWWBAA00756	562
GKWWBAA00756	571
GKWWBAA00756	573
GKWWBAA00756	575
GKWWBAA00756	582
GKWWBAA00756	584
GKWWBAA00756	615
GKWWBAA00756	644
GKWWBAA00756	648
GKWWBAA00756	654
GKWWBAA00756	729
GKWWBAA00756	735
GKWWBAA00756	817
GKWWBAA00756	1352
GKWWBAA00756	1502
GKWWBAA00756	1766
GKWWBAA00756	28090
GKWWBAA00756	28132
GKWWBAA00756	28141
GKWWBAA00756	29466
GKWWBAA00756	32002
GKWWBAA00756	33033
GKWWBAA00756	40324
GKWWBAA00756	43675
GKWWBAA00756	48296
GKWWBAA00756	54291
GKWWBAA00756	106654
GKWWBAA00756	1463165
GKWWBAA00757	238
GKWWBAA00757	287
GKWWBAA00757	470
GKWWBAA00757	546
GKWWBAA00757	550
GKWWBAA00757	562
GKWWBAA00757	569
GKWWBAA00757	571
GKWWBAA00757	573
GKWWBAA00757	582
GKWWBAA00757	584
GKWWBAA00757	615
GKWWBAA00757	644
GKWWBAA00757	648
GKWWBAA00757	654
GKWWBAA00757	729
GKWWBAA00757	817
GKWWBAA00757	1260
GKWWBAA00757	1280
GKWWBAA00757	1313
GKWWBAA00757	1352
GKWWBAA00757	1502
GKWWBAA00757	1764
GKWWBAA00757	28132
GKWWBAA00757	28141
GKWWBAA00757	29466
GKWWBAA00757	36809
GKWWBAA00757	39950
GKWWBAA00757	40324
GKWWBAA00757	43675
GKWWBAA00757	54291
GKWWBAA00757	106654
GKWWBAA00757	249188
GKWWBAA00757	1463165
GKWWBAA00759	287
GKWWBAA00759	470
GKWWBAA00759	546
GKWWBAA00759	548
GKWWBAA00759	550
GKWWBAA00759	562
GKWWBAA00759	571
GKWWBAA00759	573
GKWWBAA00759	575
GKWWBAA00759	582
GKWWBAA00759	615
GKWWBAA00759	630
GKWWBAA00759	644
GKWWBAA00759	648
GKWWBAA00759	654
GKWWBAA00759	729
GKWWBAA00759	817
GKWWBAA00759	1352
GKWWBAA00759	1502
GKWWBAA00759	2718
GKWWBAA00759	28901
GKWWBAA00759	29466
GKWWBAA00759	40324
GKWWBAA00759	43675
GKWWBAA00759	54291
GKWWBAA00759	57704
GKWWBAA00759	83655
GKWWBAA00759	106654
GKWWBAA00759	1463165
GKWWBAA00760	287
GKWWBAA00760	470
GKWWBAA00760	546
GKWWBAA00760	548
GKWWBAA00760	550
GKWWBAA00760	562
GKWWBAA00760	571
GKWWBAA00760	573
GKWWBAA00760	575
GKWWBAA00760	582
GKWWBAA00760	584
GKWWBAA00760	615
GKWWBAA00760	644
GKWWBAA00760	648
GKWWBAA00760	654
GKWWBAA00760	729
GKWWBAA00760	817
GKWWBAA00760	1280
GKWWBAA00760	1352
GKWWBAA00760	2054
GKWWBAA00760	28141
GKWWBAA00760	28901
GKWWBAA00760	29466
GKWWBAA00760	40324
GKWWBAA00760	43675
GKWWBAA00760	54291
GKWWBAA00760	80866
GKWWBAA00760	83655
GKWWBAA00760	106654
GKWWBAA00760	1463165
GKWWBAA00761	287
GKWWBAA00761	470
GKWWBAA00761	546
GKWWBAA00761	548
GKWWBAA00761	550
GKWWBAA00761	562
GKWWBAA00761	571
GKWWBAA00761	573
GKWWBAA00761	575
GKWWBAA00761	582
GKWWBAA00761	584
GKWWBAA00761	615
GKWWBAA00761	644
GKWWBAA00761	648
GKWWBAA00761	654
GKWWBAA00761	729
GKWWBAA00761	817
GKWWBAA00761	1260
GKWWBAA00761	1328
GKWWBAA00761	1352
GKWWBAA00761	2054
GKWWBAA00761	29466
GKWWBAA00761	40324
GKWWBAA00761	43675
GKWWBAA00761	54291
GKWWBAA00761	106654
GKWWBAA00761	244366
GKWWBAA00761	1463165
GKWWBAA00762	195
GKWWBAA00762	287
GKWWBAA00762	470
GKWWBAA00762	546
GKWWBAA00762	548
GKWWBAA00762	550
GKWWBAA00762	562
GKWWBAA00762	571
GKWWBAA00762	573
GKWWBAA00762	575
GKWWBAA00762	582
GKWWBAA00762	584
GKWWBAA00762	615
GKWWBAA00762	644
GKWWBAA00762	648
GKWWBAA00762	654
GKWWBAA00762	729
GKWWBAA00762	817
GKWWBAA00762	1260
GKWWBAA00762	1338
GKWWBAA00762	1352
GKWWBAA00762	1655
GKWWBAA00762	1764
GKWWBAA00762	1766
GKWWBAA00762	2054
GKWWBAA00762	2718
GKWWBAA00762	13689
GKWWBAA00762	28090
GKWWBAA00762	28132
GKWWBAA00762	28141
GKWWBAA00762	29466
GKWWBAA00762	40324
GKWWBAA00762	43675
GKWWBAA00762	54291
GKWWBAA00762	83655
GKWWBAA00762	85698
GKWWBAA00762	106654
GKWWBAA00762	1463165
GKWWBAA00763	287
GKWWBAA00763	470
GKWWBAA00763	520
GKWWBAA00763	546
GKWWBAA00763	548
GKWWBAA00763	550
GKWWBAA00763	562
GKWWBAA00763	571
GKWWBAA00763	573
GKWWBAA00763	575
GKWWBAA00763	582
GKWWBAA00763	584
GKWWBAA00763	615
GKWWBAA00763	644
GKWWBAA00763	648
GKWWBAA00763	654
GKWWBAA00763	729
GKWWBAA00763	817
GKWWBAA00763	1260
GKWWBAA00763	1280
GKWWBAA00763	1338
GKWWBAA00763	1352
GKWWBAA00763	2718
GKWWBAA00763	28132
GKWWBAA00763	29466
GKWWBAA00763	40324
GKWWBAA00763	43675
GKWWBAA00763	54291
GKWWBAA00763	83655
GKWWBAA00763	106654
GKWWBAA00763	244366
GKWWBAA00763	1463165
GKWWBAA00764	287
GKWWBAA00764	470
GKWWBAA00764	518
GKWWBAA00764	520
GKWWBAA00764	546
GKWWBAA00764	548
GKWWBAA00764	550
GKWWBAA00764	562
GKWWBAA00764	571
GKWWBAA00764	573
GKWWBAA00764	575
GKWWBAA00764	582
GKWWBAA00764	584
GKWWBAA00764	615
GKWWBAA00764	644
GKWWBAA00764	646
GKWWBAA00764	648
GKWWBAA00764	654
GKWWBAA00764	729
GKWWBAA00764	817
GKWWBAA00764	1352
GKWWBAA00764	1502
GKWWBAA00764	1766
GKWWBAA00764	2054
GKWWBAA00764	28090
GKWWBAA00764	28132
GKWWBAA00764	28901
GKWWBAA00764	29466
GKWWBAA00764	40324
GKWWBAA00764	43675
GKWWBAA00764	48296
GKWWBAA00764	54291
GKWWBAA00764	80866
GKWWBAA00764	85698
GKWWBAA00764	106654
GKWWBAA00764	244366
GKWWBAA00764	1117645
GKWWBAA00764	1463165
GKWWBAA00765	287
GKWWBAA00765	470
GKWWBAA00765	546
GKWWBAA00765	548
GKWWBAA00765	550
GKWWBAA00765	562
GKWWBAA00765	571
GKWWBAA00765	573
GKWWBAA00765	575
GKWWBAA00765	582
GKWWBAA00765	584
GKWWBAA00765	615
GKWWBAA00765	630
GKWWBAA00765	644
GKWWBAA00765	646
GKWWBAA00765	648
GKWWBAA00765	654
GKWWBAA00765	729
GKWWBAA00765	817
GKWWBAA00765	1352
GKWWBAA00765	1774
GKWWBAA00765	28090
GKWWBAA00765	28141
GKWWBAA00765	28901
GKWWBAA00765	29466
GKWWBAA00765	40324
GKWWBAA00765	43675
GKWWBAA00765	43770
GKWWBAA00765	48296
GKWWBAA00765	54291
GKWWBAA00765	80866
GKWWBAA00765	83655
GKWWBAA00765	85698
GKWWBAA00765	102862
GKWWBAA00765	106654
GKWWBAA00765	244366
GKWWBAA00765	1463165
GKWWBAA00766	287
GKWWBAA00766	470
GKWWBAA00766	546
GKWWBAA00766	548
GKWWBAA00766	550
GKWWBAA00766	562
GKWWBAA00766	571
GKWWBAA00766	573
GKWWBAA00766	575
GKWWBAA00766	582
GKWWBAA00766	584
GKWWBAA00766	615
GKWWBAA00766	644
GKWWBAA00766	646
GKWWBAA00766	648
GKWWBAA00766	654
GKWWBAA00766	729
GKWWBAA00766	817
GKWWBAA00766	1260
GKWWBAA00766	1352
GKWWBAA00766	1659
GKWWBAA00766	1766
GKWWBAA00766	2054
GKWWBAA00766	13689
GKWWBAA00766	28090
GKWWBAA00766	28132
GKWWBAA00766	29466
GKWWBAA00766	40324
GKWWBAA00766	43675
GKWWBAA00766	54291
GKWWBAA00766	80866
GKWWBAA00766	83262
GKWWBAA00766	106654
GKWWBAA00766	244366
GKWWBAA00766	1463165
GKWWBAA00767	287
GKWWBAA00767	470
GKWWBAA00767	546
GKWWBAA00767	548
GKWWBAA00767	550
GKWWBAA00767	562
GKWWBAA00767	571
GKWWBAA00767	573
GKWWBAA00767	575
GKWWBAA00767	582
GKWWBAA00767	584
GKWWBAA00767	615
GKWWBAA00767	644
GKWWBAA00767	648
GKWWBAA00767	654
GKWWBAA00767	729
GKWWBAA00767	817
GKWWBAA00767	1352
GKWWBAA00767	1659
GKWWBAA00767	1766
GKWWBAA00767	2054
GKWWBAA00767	28037
GKWWBAA00767	28132
GKWWBAA00767	28141
GKWWBAA00767	29466
GKWWBAA00767	36809
GKWWBAA00767	40324
GKWWBAA00767	43675
GKWWBAA00767	54291
GKWWBAA00767	83262
GKWWBAA00767	83655
GKWWBAA00767	106654
GKWWBAA00767	1463165
GKWWBAA00768	287
GKWWBAA00768	470
GKWWBAA00768	546
GKWWBAA00768	548
GKWWBAA00768	550
GKWWBAA00768	562
GKWWBAA00768	571
GKWWBAA00768	573
GKWWBAA00768	575
GKWWBAA00768	582
GKWWBAA00768	584
GKWWBAA00768	615
GKWWBAA00768	630
GKWWBAA00768	644
GKWWBAA00768	646
GKWWBAA00768	648
GKWWBAA00768	654
GKWWBAA00768	729
GKWWBAA00768	817
GKWWBAA00768	1260
GKWWBAA00768	1351
GKWWBAA00768	1352
GKWWBAA00768	1639
GKWWBAA00768	2054
GKWWBAA00768	28090
GKWWBAA00768	28132
GKWWBAA00768	28141
GKWWBAA00768	28901
GKWWBAA00768	29466
GKWWBAA00768	40324
GKWWBAA00768	43675
GKWWBAA00768	48296
GKWWBAA00768	54291
GKWWBAA00768	80866
GKWWBAA00768	106654
GKWWBAA00768	244366
GKWWBAA00768	746128
GKWWBAA00768	1463165
GKWWBAA00769	287
GKWWBAA00769	470
GKWWBAA00769	518
GKWWBAA00769	520
GKWWBAA00769	546
GKWWBAA00769	548
GKWWBAA00769	550
GKWWBAA00769	562
GKWWBAA00769	571
GKWWBAA00769	573
GKWWBAA00769	575
GKWWBAA00769	582
GKWWBAA00769	584
GKWWBAA00769	615
GKWWBAA00769	644
GKWWBAA00769	646
GKWWBAA00769	648
GKWWBAA00769	654
GKWWBAA00769	729
GKWWBAA00769	817
GKWWBAA00769	1352
GKWWBAA00769	1639
GKWWBAA00769	1766
GKWWBAA00769	2039
GKWWBAA00769	2054
GKWWBAA00769	28090
GKWWBAA00769	28141
GKWWBAA00769	28901
GKWWBAA00769	29466
GKWWBAA00769	32002
GKWWBAA00769	40324
GKWWBAA00769	43675
GKWWBAA00769	48296
GKWWBAA00769	54291
GKWWBAA00769	80866
GKWWBAA00769	83262
GKWWBAA00769	83655
GKWWBAA00769	85698
GKWWBAA00769	106654
GKWWBAA00769	244366
GKWWBAA00769	1463165
GKWWBAA00770	287
GKWWBAA00770	470
GKWWBAA00770	546
GKWWBAA00770	548
GKWWBAA00770	550
GKWWBAA00770	562
GKWWBAA00770	571
GKWWBAA00770	573
GKWWBAA00770	575
GKWWBAA00770	582
GKWWBAA00770	584
GKWWBAA00770	615
GKWWBAA00770	644
GKWWBAA00770	648
GKWWBAA00770	654
GKWWBAA00770	729
GKWWBAA00770	817
GKWWBAA00770	1260
GKWWBAA00770	1352
GKWWBAA00770	28090
GKWWBAA00770	28132
GKWWBAA00770	28141
GKWWBAA00770	29466
GKWWBAA00770	40324
GKWWBAA00770	43675
GKWWBAA00770	48296
GKWWBAA00770	54291
GKWWBAA00770	83655
GKWWBAA00770	106654
GKWWBAA00770	244366
GKWWBAA00770	1463165
GKWWBAA00771	287
GKWWBAA00771	294
GKWWBAA00771	470
GKWWBAA00771	520
GKWWBAA00771	546
GKWWBAA00771	548
GKWWBAA00771	550
GKWWBAA00771	562
GKWWBAA00771	571
GKWWBAA00771	573
GKWWBAA00771	575
GKWWBAA00771	582
GKWWBAA00771	584
GKWWBAA00771	615
GKWWBAA00771	644
GKWWBAA00771	648
GKWWBAA00771	654
GKWWBAA00771	729
GKWWBAA00771	817
GKWWBAA00771	1313
GKWWBAA00771	1338
GKWWBAA00771	1352
GKWWBAA00771	1502
GKWWBAA00771	2054
GKWWBAA00771	13689
GKWWBAA00771	28141
GKWWBAA00771	28901
GKWWBAA00771	29466
GKWWBAA00771	40324
GKWWBAA00771	43675
GKWWBAA00771	54291
GKWWBAA00771	83655
GKWWBAA00771	106654
GKWWBAA00771	244366
GKWWBAA00771	1463165
GKWWBAA00772	287
GKWWBAA00772	470
GKWWBAA00772	546
GKWWBAA00772	548
GKWWBAA00772	550
GKWWBAA00772	562
GKWWBAA00772	571
GKWWBAA00772	573
GKWWBAA00772	575
GKWWBAA00772	582
GKWWBAA00772	584
GKWWBAA00772	615
GKWWBAA00772	630
GKWWBAA00772	644
GKWWBAA00772	648
GKWWBAA00772	654
GKWWBAA00772	726
GKWWBAA00772	729
GKWWBAA00772	817
GKWWBAA00772	1260
GKWWBAA00772	1311
GKWWBAA00772	1352
GKWWBAA00772	1766
GKWWBAA00772	2054
GKWWBAA00772	2718
GKWWBAA00772	13689
GKWWBAA00772	28090
GKWWBAA00772	28141
GKWWBAA00772	29466
GKWWBAA00772	32002
GKWWBAA00772	38289
GKWWBAA00772	39950
GKWWBAA00772	40324
GKWWBAA00772	43675
GKWWBAA00772	54291
GKWWBAA00772	57704
GKWWBAA00772	83262
GKWWBAA00772	83655
GKWWBAA00772	106654
GKWWBAA00772	1463165
GKWWBAA00773	199
GKWWBAA00773	287
GKWWBAA00773	470
GKWWBAA00773	546
GKWWBAA00773	550
GKWWBAA00773	562
GKWWBAA00773	571
GKWWBAA00773	573
GKWWBAA00773	575
GKWWBAA00773	582
GKWWBAA00773	584
GKWWBAA00773	585
GKWWBAA00773	615
GKWWBAA00773	644
GKWWBAA00773	648
GKWWBAA00773	654
GKWWBAA00773	729
GKWWBAA00773	817
GKWWBAA00773	1352
GKWWBAA00773	1502
GKWWBAA00773	1774
GKWWBAA00773	28132
GKWWBAA00773	28141
GKWWBAA00773	28901
GKWWBAA00773	29466
GKWWBAA00773	40324
GKWWBAA00773	43675
GKWWBAA00773	48296
GKWWBAA00773	54291
GKWWBAA00773	83655
GKWWBAA00773	244366
GKWWBAA00773	1463165
GKWWBAA00774	287
GKWWBAA00774	470
GKWWBAA00774	546
GKWWBAA00774	548
GKWWBAA00774	550
GKWWBAA00774	562
GKWWBAA00774	571
GKWWBAA00774	573
GKWWBAA00774	575
GKWWBAA00774	582
GKWWBAA00774	584
GKWWBAA00774	615
GKWWBAA00774	630
GKWWBAA00774	644
GKWWBAA00774	648
GKWWBAA00774	654
GKWWBAA00774	729
GKWWBAA00774	817
GKWWBAA00774	1260
GKWWBAA00774	1352
GKWWBAA00774	1766
GKWWBAA00774	1774
GKWWBAA00774	2054
GKWWBAA00774	2718
GKWWBAA00774	28090
GKWWBAA00774	28132
GKWWBAA00774	28141
GKWWBAA00774	29466
GKWWBAA00774	32002
GKWWBAA00774	36809
GKWWBAA00774	40324
GKWWBAA00774	43675
GKWWBAA00774	43770
GKWWBAA00774	48296
GKWWBAA00774	54291
GKWWBAA00774	83262
GKWWBAA00774	83655
GKWWBAA00774	106654
GKWWBAA00774	244366
GKWWBAA00774	746128
GKWWBAA00774	1463165
GKWWBAA00775	287
GKWWBAA00775	470
GKWWBAA00775	546
GKWWBAA00775	548
GKWWBAA00775	550
GKWWBAA00775	562
GKWWBAA00775	571
GKWWBAA00775	573
GKWWBAA00775	575
GKWWBAA00775	582
GKWWBAA00775	584
GKWWBAA00775	615
GKWWBAA00775	644
GKWWBAA00775	648
GKWWBAA00775	654
GKWWBAA00775	729
GKWWBAA00775	817
GKWWBAA00775	1352
GKWWBAA00775	2718
GKWWBAA00775	28141
GKWWBAA00775	28901
GKWWBAA00775	29466
GKWWBAA00775	40324
GKWWBAA00775	43675
GKWWBAA00775	54291
GKWWBAA00775	80866
GKWWBAA00775	83655
GKWWBAA00775	85698
GKWWBAA00775	106654
GKWWBAA00775	244366
GKWWBAA00775	1463165
GKWWBAA00776	287
GKWWBAA00776	562
GKWWBAA00776	573
GKWWBAA00776	582
GKWWBAA00776	1260
GKWWBAA00776	1352
GKWWBAA00776	43675
GKWWBAA00779	287
GKWWBAA00779	294
GKWWBAA00779	470
GKWWBAA00779	546
GKWWBAA00779	548
GKWWBAA00779	550
GKWWBAA00779	562
GKWWBAA00779	569
GKWWBAA00779	571
GKWWBAA00779	573
GKWWBAA00779	575
GKWWBAA00779	582
GKWWBAA00779	584
GKWWBAA00779	615
GKWWBAA00779	644
GKWWBAA00779	648
GKWWBAA00779	654
GKWWBAA00779	729
GKWWBAA00779	817
GKWWBAA00779	1260
GKWWBAA00779	1774
GKWWBAA00779	2054
GKWWBAA00779	2718
GKWWBAA00779	28141
GKWWBAA00779	29466
GKWWBAA00779	40324
GKWWBAA00779	43675
GKWWBAA00779	54291
GKWWBAA00779	83262
GKWWBAA00779	83655
GKWWBAA00779	106654
GKWWBAA00779	1463165
GKWWBAA00864	197
GKWWBAA00864	287
GKWWBAA00864	485
GKWWBAA00864	582
GKWWBAA00864	632
GKWWBAA00864	666
GKWWBAA00864	727
GKWWBAA00864	1280
GKWWBAA00864	1314
GKWWBAA00864	1502
GKWWBAA00864	1717
GKWWBAA00864	1768
GKWWBAA00864	1773
GKWWBAA00864	13373
GKWWBAA00864	13689
GKWWBAA00864	28450
GKWWBAA00864	28901
GKWWBAA00864	32002
GKWWBAA00864	35814
GKWWBAA00864	36809
GKWWBAA00864	40324
GKWWBAA00864	80866
GKWWBAA00864	199306
GKWWBAA00865	287
GKWWBAA00865	666
GKWWBAA00865	1280
GKWWBAA00865	1314
GKWWBAA00865	1502
GKWWBAA00865	1764
GKWWBAA00865	1768
GKWWBAA00865	1773
GKWWBAA00865	1774
GKWWBAA00865	13373
GKWWBAA00865	13689
GKWWBAA00865	28450
GKWWBAA00865	28901
GKWWBAA00865	29459
GKWWBAA00865	35814
GKWWBAA00866	210
GKWWBAA00866	287
GKWWBAA00866	666
GKWWBAA00866	1314
GKWWBAA00866	1502
GKWWBAA00866	1764
GKWWBAA00866	1768
GKWWBAA00866	1789
GKWWBAA00866	5507
GKWWBAA00866	13373
GKWWBAA00866	13689
GKWWBAA00866	28450
GKWWBAA00866	28901
GKWWBAA00866	29459
GKWWBAA00866	40324
GKWWBAA00866	117187
GKWWBAA00866	199306
GKWWBAA00867	287
GKWWBAA00867	451
GKWWBAA00867	488
GKWWBAA00867	666
GKWWBAA00867	729
GKWWBAA00867	1338
GKWWBAA00867	1502
GKWWBAA00867	1639
GKWWBAA00867	1717
GKWWBAA00867	1764
GKWWBAA00867	1768
GKWWBAA00867	1773
GKWWBAA00867	1774
GKWWBAA00867	1789
GKWWBAA00867	5476
GKWWBAA00867	5507
GKWWBAA00867	13373
GKWWBAA00867	13689
GKWWBAA00867	28901
GKWWBAA00867	35814
GKWWBAA00867	36809
GKWWBAA00867	40324
GKWWBAA00867	43675
GKWWBAA00867	80866
GKWWBAA00867	117187
GKWWBAA00867	199306
GKWWBAA00868	235
GKWWBAA00868	287
GKWWBAA00868	446
GKWWBAA00868	450
GKWWBAA00868	485
GKWWBAA00868	519
GKWWBAA00868	520
GKWWBAA00868	622
GKWWBAA00868	666
GKWWBAA00868	1280
GKWWBAA00868	1314
GKWWBAA00868	1392
GKWWBAA00868	1502
GKWWBAA00868	1639
GKWWBAA00868	1717
GKWWBAA00868	1764
GKWWBAA00868	1768
GKWWBAA00868	1769
GKWWBAA00868	1773
GKWWBAA00868	5763
GKWWBAA00868	13373
GKWWBAA00868	13689
GKWWBAA00868	28450
GKWWBAA00868	28901
GKWWBAA00868	29459
GKWWBAA00868	29461
GKWWBAA00868	32002
GKWWBAA00868	35814
GKWWBAA00868	40324
GKWWBAA00869	210
GKWWBAA00869	287
GKWWBAA00869	485
GKWWBAA00869	487
GKWWBAA00869	519
GKWWBAA00869	520
GKWWBAA00869	622
GKWWBAA00869	623
GKWWBAA00869	632
GKWWBAA00869	666
GKWWBAA00869	1280
GKWWBAA00869	1314
GKWWBAA00869	1392
GKWWBAA00869	1502
GKWWBAA00869	1764
GKWWBAA00869	1766
GKWWBAA00869	1768
GKWWBAA00869	1773
GKWWBAA00869	13373
GKWWBAA00869	13689
GKWWBAA00869	28450
GKWWBAA00869	28901
GKWWBAA00872	235
GKWWBAA00872	287
GKWWBAA00872	451
GKWWBAA00872	519
GKWWBAA00872	546
GKWWBAA00872	573
GKWWBAA00872	584
GKWWBAA00872	615
GKWWBAA00872	644
GKWWBAA00872	648
GKWWBAA00872	654
GKWWBAA00872	666
GKWWBAA00872	729
GKWWBAA00872	747
GKWWBAA00872	1280
GKWWBAA00872	1352
GKWWBAA00872	1496
GKWWBAA00872	1502
GKWWBAA00872	1639
GKWWBAA00872	1766
GKWWBAA00872	1773
GKWWBAA00872	13373
GKWWBAA00872	28450
GKWWBAA00872	28901
GKWWBAA00872	29459
GKWWBAA00872	40324
GKWWBAA00872	43675
GKWWBAA00872	57704
GKWWBAA00872	1117645
GKWWBAA00873	287
GKWWBAA00873	615
GKWWBAA00873	648
GKWWBAA00873	666
GKWWBAA00873	729
GKWWBAA00873	817
GKWWBAA00873	1260
GKWWBAA00873	1280
GKWWBAA00873	1311
GKWWBAA00873	1352
GKWWBAA00873	1496
GKWWBAA00873	1502
GKWWBAA00873	1764
GKWWBAA00873	1766
GKWWBAA00873	1773
GKWWBAA00873	1774
GKWWBAA00873	13373
GKWWBAA00873	13689
GKWWBAA00873	28901
GKWWBAA00873	29459
GKWWBAA00873	36809
GKWWBAA00873	43675
GKWWBAA00873	83262
GKWWBAA00873	746128
GKWWBAA00874	235
GKWWBAA00874	287
GKWWBAA00874	446
GKWWBAA00874	571
GKWWBAA00874	573
GKWWBAA00874	666
GKWWBAA00874	1280
GKWWBAA00874	1392
GKWWBAA00874	1496
GKWWBAA00874	1502
GKWWBAA00874	1659
GKWWBAA00874	1764
GKWWBAA00874	1768
GKWWBAA00874	1773
GKWWBAA00874	1774
GKWWBAA00874	5507
GKWWBAA00874	5763
GKWWBAA00874	13373
GKWWBAA00874	13689
GKWWBAA00874	28450
GKWWBAA00874	28901
GKWWBAA00874	29391
GKWWBAA00874	33033
GKWWBAA00874	35814
GKWWBAA00874	40324
GKWWBAA00874	84109
GKWWBAA00874	117187
GKWWBAA00874	199306
GKWWBAA00875	287
GKWWBAA00875	666
GKWWBAA00875	1280
GKWWBAA00875	1314
GKWWBAA00875	1502
GKWWBAA00875	1639
GKWWBAA00875	1764
GKWWBAA00875	1768
GKWWBAA00875	1773
GKWWBAA00875	1774
GKWWBAA00875	13373
GKWWBAA00875	13689
GKWWBAA00875	28450
GKWWBAA00875	28901
GKWWBAA00875	29459
GKWWBAA00875	29466
GKWWBAA00875	35814
GKWWBAA00875	40324
GKWWBAA00875	80866
GKWWBAA00875	199306
GKWWBAA00876	287
GKWWBAA00876	451
GKWWBAA00876	666
GKWWBAA00876	1314
GKWWBAA00876	1502
GKWWBAA00876	1717
GKWWBAA00876	1764
GKWWBAA00876	1768
GKWWBAA00876	1773
GKWWBAA00876	1774
GKWWBAA00876	5476
GKWWBAA00876	13373
GKWWBAA00876	13689
GKWWBAA00876	28132
GKWWBAA00876	28450
GKWWBAA00876	28901
GKWWBAA00876	29459
GKWWBAA00876	29466
GKWWBAA00876	35814
GKWWBAA00876	43675
GKWWBAA00876	199306
GKWWBAA00877	210
GKWWBAA00877	287
GKWWBAA00877	446
GKWWBAA00877	450
GKWWBAA00877	451
GKWWBAA00877	666
GKWWBAA00877	729
GKWWBAA00877	1280
GKWWBAA00877	1313
GKWWBAA00877	1502
GKWWBAA00877	1655
GKWWBAA00877	1717
GKWWBAA00877	1764
GKWWBAA00877	1768
GKWWBAA00877	1773
GKWWBAA00877	5763
GKWWBAA00877	13373
GKWWBAA00877	13689
GKWWBAA00877	28082
GKWWBAA00877	28132
GKWWBAA00877	28901
GKWWBAA00877	40324
GKWWBAA00877	43675
GKWWBAA00877	80866
GKWWBAA00877	117187
GKWWBAA00877	199306
GKWWBAA00878	287
GKWWBAA00878	451
GKWWBAA00878	615
GKWWBAA00878	666
GKWWBAA00878	1313
GKWWBAA00878	1502
GKWWBAA00878	1659
GKWWBAA00878	1717
GKWWBAA00878	1764
GKWWBAA00878	1768
GKWWBAA00878	1773
GKWWBAA00878	1780
GKWWBAA00878	5507
GKWWBAA00878	13373
GKWWBAA00878	13689
GKWWBAA00878	28901
GKWWBAA00878	40324
GKWWBAA00878	43770
GKWWBAA00878	80866
GKWWBAA00878	117187
GKWWBAA00879	287
GKWWBAA00879	451
GKWWBAA00879	666
GKWWBAA00879	1396
GKWWBAA00879	1502
GKWWBAA00879	1764
GKWWBAA00879	1768
GKWWBAA00879	1773
GKWWBAA00879	1774
GKWWBAA00879	13373
GKWWBAA00879	13689
GKWWBAA00879	28901
GKWWBAA00879	29459
GKWWBAA00879	117187
GKWWBAA00880	287
GKWWBAA00880	446
GKWWBAA00880	648
GKWWBAA00880	666
GKWWBAA00880	1313
GKWWBAA00880	1314
GKWWBAA00880	1338
GKWWBAA00880	1379
GKWWBAA00880	1491
GKWWBAA00880	1502
GKWWBAA00880	1639
GKWWBAA00880	1764
GKWWBAA00880	1768
GKWWBAA00880	1773
GKWWBAA00880	13373
GKWWBAA00880	28901
GKWWBAA00880	33033
GKWWBAA00880	35814
GKWWBAA00880	36809
GKWWBAA00880	40324
GKWWBAA00880	43675
GKWWBAA00880	80866
GKWWBAA00881	287
GKWWBAA00881	729
GKWWBAA00881	1764
GKWWBAA00881	1768
GKWWBAA00881	1774
GKWWBAA00881	2054
GKWWBAA00881	40324
GKWWBAA00881	43675
GKWWBAA00881	80866
GKWWBAA00881	1117645
GKWWBAA00882	197
GKWWBAA00882	210
GKWWBAA00882	235
GKWWBAA00882	287
GKWWBAA00882	485
GKWWBAA00882	520
GKWWBAA00882	562
GKWWBAA00882	573
GKWWBAA00882	615
GKWWBAA00882	648
GKWWBAA00882	666
GKWWBAA00882	729
GKWWBAA00882	747
GKWWBAA00882	1276
GKWWBAA00882	1314
GKWWBAA00882	1352
GKWWBAA00882	1496
GKWWBAA00882	1502
GKWWBAA00882	1773
GKWWBAA00882	13373
GKWWBAA00882	28450
GKWWBAA00882	28901
GKWWBAA00882	40324
GKWWBAA00883	235
GKWWBAA00883	287
GKWWBAA00883	470
GKWWBAA00883	519
GKWWBAA00883	562
GKWWBAA00883	573
GKWWBAA00883	615
GKWWBAA00883	644
GKWWBAA00883	648
GKWWBAA00883	666
GKWWBAA00883	729
GKWWBAA00883	817
GKWWBAA00883	1260
GKWWBAA00883	1352
GKWWBAA00883	1496
GKWWBAA00883	1502
GKWWBAA00883	1513
GKWWBAA00883	1639
GKWWBAA00883	1655
GKWWBAA00883	1764
GKWWBAA00883	1766
GKWWBAA00883	5476
GKWWBAA00883	13373
GKWWBAA00883	28901
GKWWBAA00883	29466
GKWWBAA00883	36809
GKWWBAA00883	40324
GKWWBAA00883	43675
GKWWBAA00883	48296
GKWWBAA00883	746128
GKWWBAA00883	1117645
GKWWBAA00884	287
GKWWBAA00884	520
GKWWBAA00884	562
GKWWBAA00884	648
GKWWBAA00884	666
GKWWBAA00884	747
GKWWBAA00884	1260
GKWWBAA00884	1276
GKWWBAA00884	1352
GKWWBAA00884	1392
GKWWBAA00884	1496
GKWWBAA00884	1502
GKWWBAA00884	1513
GKWWBAA00884	1639
GKWWBAA00884	13373
GKWWBAA00884	28450
GKWWBAA00884	28901
GKWWBAA00884	35814
GKWWBAA00884	40324
GKWWBAA00885	287
GKWWBAA00885	519
GKWWBAA00885	520
GKWWBAA00885	573
GKWWBAA00885	582
GKWWBAA00885	615
GKWWBAA00885	644
GKWWBAA00885	646
GKWWBAA00885	648
GKWWBAA00885	654
GKWWBAA00885	666
GKWWBAA00885	727
GKWWBAA00885	747
GKWWBAA00885	1276
GKWWBAA00885	1280
GKWWBAA00885	1313
GKWWBAA00885	1392
GKWWBAA00885	1496
GKWWBAA00885	1502
GKWWBAA00885	1639
GKWWBAA00885	1773
GKWWBAA00885	1774
GKWWBAA00885	13373
GKWWBAA00885	28450
GKWWBAA00885	28901
GKWWBAA00885	43675
GKWWBAA00885	1463165
GKWWBAA00886	287
GKWWBAA00886	546
GKWWBAA00886	550
GKWWBAA00886	562
GKWWBAA00886	573
GKWWBAA00886	582
GKWWBAA00886	632
GKWWBAA00886	644
GKWWBAA00886	648
GKWWBAA00886	654
GKWWBAA00886	666
GKWWBAA00886	727
GKWWBAA00886	729
GKWWBAA00886	1280
GKWWBAA00886	1313
GKWWBAA00886	1352
GKWWBAA00886	1496
GKWWBAA00886	1502
GKWWBAA00886	1639
GKWWBAA00886	1655
GKWWBAA00886	1766
GKWWBAA00886	1768
GKWWBAA00886	1773
GKWWBAA00886	5476
GKWWBAA00886	13373
GKWWBAA00886	28450
GKWWBAA00886	28901
GKWWBAA00886	29466
GKWWBAA00886	36809
GKWWBAA00886	40324
GKWWBAA00886	43675
GKWWBAA00886	57704
GKWWBAA00886	117187
GKWWBAA00886	135487
GKWWBAA00886	746128
GKWWBAA00886	1463165
GKWWBAA00887	287
GKWWBAA00887	519
GKWWBAA00887	546
GKWWBAA00887	573
GKWWBAA00887	615
GKWWBAA00887	644
GKWWBAA00887	648
GKWWBAA00887	654
GKWWBAA00887	1352
GKWWBAA00887	1392
GKWWBAA00887	1496
GKWWBAA00887	1502
GKWWBAA00887	1639
GKWWBAA00887	1717
GKWWBAA00887	1764
GKWWBAA00887	1766
GKWWBAA00887	1773
GKWWBAA00887	1774
GKWWBAA00887	13373
GKWWBAA00887	28450
GKWWBAA00887	28901
GKWWBAA00887	29459
GKWWBAA00887	40324
GKWWBAA00887	57704
GKWWBAA00887	83262
GKWWBAA00887	85698
GKWWBAA00887	1117645
GKWWBAA00888	287
GKWWBAA00888	451
GKWWBAA00888	519
GKWWBAA00888	520
GKWWBAA00888	546
GKWWBAA00888	562
GKWWBAA00888	571
GKWWBAA00888	573
GKWWBAA00888	632
GKWWBAA00888	644
GKWWBAA00888	648
GKWWBAA00888	666
GKWWBAA00888	727
GKWWBAA00888	729
GKWWBAA00888	747
GKWWBAA00888	817
GKWWBAA00888	1260
GKWWBAA00888	1280
GKWWBAA00888	1313
GKWWBAA00888	1314
GKWWBAA00888	1352
GKWWBAA00888	1496
GKWWBAA00888	1502
GKWWBAA00888	1513
GKWWBAA00888	1766
GKWWBAA00888	1773
GKWWBAA00888	13373
GKWWBAA00888	28450
GKWWBAA00888	28901
GKWWBAA00888	29459
GKWWBAA00888	29466
GKWWBAA00888	35814
GKWWBAA00888	40324
GKWWBAA00888	43675
GKWWBAA00888	57704
GKWWBAA00888	80866
GKWWBAA00888	746128
GKWWBAA00889	287
GKWWBAA00889	294
GKWWBAA00889	520
GKWWBAA00889	562
GKWWBAA00889	573
GKWWBAA00889	615
GKWWBAA00889	644
GKWWBAA00889	646
GKWWBAA00889	648
GKWWBAA00889	654
GKWWBAA00889	1260
GKWWBAA00889	1276
GKWWBAA00889	1313
GKWWBAA00889	1352
GKWWBAA00889	1496
GKWWBAA00889	1502
GKWWBAA00889	1766
GKWWBAA00889	13373
GKWWBAA00889	28450
GKWWBAA00889	28901
GKWWBAA00889	40324
GKWWBAA00889	43675
GKWWBAA00889	57704
GKWWBAA00889	80866
GKWWBAA00889	85698
GKWWBAA00889	1117645
GKWWBAA00890	287
GKWWBAA00890	446
GKWWBAA00890	470
GKWWBAA00890	519
GKWWBAA00890	573
GKWWBAA00890	644
GKWWBAA00890	666
GKWWBAA00890	729
GKWWBAA00890	1260
GKWWBAA00890	1276
GKWWBAA00890	1311
GKWWBAA00890	1313
GKWWBAA00890	1314
GKWWBAA00890	1496
GKWWBAA00890	1502
GKWWBAA00890	1639
GKWWBAA00890	1655
GKWWBAA00890	1717
GKWWBAA00890	1764
GKWWBAA00890	1768
GKWWBAA00890	1773
GKWWBAA00890	1774
GKWWBAA00890	5476
GKWWBAA00890	13373
GKWWBAA00890	28132
GKWWBAA00890	28450
GKWWBAA00890	28901
GKWWBAA00890	29466
GKWWBAA00890	40324
GKWWBAA00890	43675
GKWWBAA00890	48296
GKWWBAA00890	1117645
GKWWBAA00891	160
GKWWBAA00891	287
GKWWBAA00891	450
GKWWBAA00891	451
GKWWBAA00891	470
GKWWBAA00891	485
GKWWBAA00891	519
GKWWBAA00891	520
GKWWBAA00891	546
GKWWBAA00891	548
GKWWBAA00891	550
GKWWBAA00891	562
GKWWBAA00891	573
GKWWBAA00891	582
GKWWBAA00891	615
GKWWBAA00891	622
GKWWBAA00891	623
GKWWBAA00891	624
GKWWBAA00891	632
GKWWBAA00891	644
GKWWBAA00891	648
GKWWBAA00891	654
GKWWBAA00891	666
GKWWBAA00891	727
GKWWBAA00891	729
GKWWBAA00891	817
GKWWBAA00891	1280
GKWWBAA00891	1311
GKWWBAA00891	1313
GKWWBAA00891	1352
GKWWBAA00891	1392
GKWWBAA00891	1496
GKWWBAA00891	1502
GKWWBAA00891	1639
GKWWBAA00891	1717
GKWWBAA00891	1766
GKWWBAA00891	1773
GKWWBAA00891	5476
GKWWBAA00891	13373
GKWWBAA00891	28450
GKWWBAA00891	28901
GKWWBAA00891	29466
GKWWBAA00891	36809
GKWWBAA00891	40324
GKWWBAA00891	54291
GKWWBAA00891	106654
GKWWBAA00891	244366
GKWWBAA00891	746128
GKWWBAA00891	1463165